airport,airline,flight_count,avg_dep_delay,avg_arr_delay,cancellation_rate_pct,airport_avg_dep_delay,airport_total_flights,dep_delay_diff,rank_in_airport,anomaly_label
ABE,9E,258,7.44,-0.81,0.39,9.99,1055,-2.55,1,NELLA_NORMA
ABE,G4,442,8.14,1.24,1.81,9.99,1055,-1.85,2,NELLA_NORMA
ABE,OH,291,9.68,-2.08,1.03,9.99,1055,-0.31,3,NELLA_NORMA
ABE,OO,64,34.97,25.66,3.13,9.99,1055,24.98,4,ANOMALO_PEGGIORE
ABI,MQ,444,6.8,4.59,1.35,6.8,444,0.0,1,NELLA_NORMA
ABQ,DL,369,0.69,-7.59,1.08,10.3,5839,-9.61,1,NELLA_NORMA
ABQ,OO,1004,1.58,-2.4,0.2,10.3,5839,-8.72,2,NELLA_NORMA
ABQ,MQ,233,5.22,1.49,0.0,10.3,5839,-5.08,3,NELLA_NORMA
ABQ,UA,419,8.29,2.74,1.19,10.3,5839,-2.01,4,NELLA_NORMA
ABQ,AS,96,9.36,4.54,0.0,10.3,5839,-0.94,5,NELLA_NORMA
ABQ,NK,131,9.94,6.05,0.76,10.3,5839,-0.36,6,NELLA_NORMA
ABQ,WN,2762,10.97,4.82,0.54,10.3,5839,0.67,7,NELLA_NORMA
ABQ,AA,763,20.29,18.06,2.1,10.3,5839,9.99,8,NELLA_NORMA
ABQ,B6,62,92.73,88.56,0.0,10.3,5839,82.43,9,ANOMALO_PEGGIORE
ABR,OO,185,20.69,12.22,0.54,20.69,185,0.0,1,NELLA_NORMA
ABY,9E,13,-1.0,-3.15,0.0,23.14,196,-24.14,1,ANOMALO_MIGLIORE
ABY,OO,183,24.87,23.64,1.09,23.14,196,1.73,2,NELLA_NORMA
ACK,B6,237,10.93,8.62,1.27,13.63,404,-2.7,1,NELLA_NORMA
ACK,YX,145,15.13,15.91,6.21,13.63,404,1.5,2,NELLA_NORMA
ACK,OO,14,28.43,15.43,0.0,13.63,404,14.8,3,NELLA_NORMA
ACK,MQ,8,41.0,46.88,0.0,13.63,404,27.37,4,ANOMALO_PEGGIORE
ACT,MQ,73,11.11,11.06,2.74,14.13,261,-3.02,1,NELLA_NORMA
ACT,OO,188,15.29,15.62,1.6,14.13,261,1.16,2,NELLA_NORMA
ACV,OO,433,16.73,15.73,0.92,16.73,433,0.0,1,NELLA_NORMA
ACY,NK,783,9.03,1.98,1.28,9.03,783,0.0,1,NELLA_NORMA
ADK,AS,31,0.65,1.15,16.13,0.65,31,0.0,1,NELLA_NORMA
ADQ,AS,204,1.93,1.08,2.94,1.93,204,0.0,1,NELLA_NORMA
AEX,9E,219,11.61,6.8,0.46,18.92,503,-7.31,1,NELLA_NORMA
AEX,OO,273,24.61,19.85,2.2,18.92,503,5.69,2,NELLA_NORMA
AEX,MQ,11,25.64,29.09,0.0,18.92,503,6.72,3,NELLA_NORMA
AGS,MQ,55,5.51,-2.66,3.64,17.56,1016,-12.05,1,NELLA_NORMA
AGS,DL,38,6.08,2.21,0.0,17.56,1016,-11.48,2,NELLA_NORMA
AGS,YX,9,6.89,-3.44,0.0,17.56,1016,-10.67,3,NELLA_NORMA
AGS,9E,404,9.8,4.96,2.48,17.56,1016,-7.76,4,NELLA_NORMA
AGS,OH,400,24.48,23.67,2.75,17.56,1016,6.92,5,NELLA_NORMA
AGS,OO,104,30.62,25.4,1.92,17.56,1016,13.06,6,NELLA_NORMA
AGS,AA,6,52.0,44.5,0.0,17.56,1016,34.44,7,ANOMALO_PEGGIORE
AKN,AS,37,-1.16,2.24,0.0,-1.16,37,0.0,1,NELLA_NORMA
ALB,YX,87,-1.85,-7.72,1.15,13.29,3034,-15.14,1,ANOMALO_MIGLIORE
ALB,MQ,43,4.19,1.51,0.0,13.29,3034,-9.1,2,NELLA_NORMA
ALB,UA,189,7.89,1.88,0.53,13.29,3034,-5.4,3,NELLA_NORMA
ALB,9E,269,8.17,-4.63,1.86,13.29,3034,-5.12,4,NELLA_NORMA
ALB,OO,237,10.16,5.28,0.0,13.29,3034,-3.13,5,NELLA_NORMA
ALB,DL,358,12.01,2.23,1.4,13.29,3034,-1.28,6,NELLA_NORMA
ALB,WN,883,12.38,4.96,0.91,13.29,3034,-0.91,7,NELLA_NORMA
ALB,OH,299,18.02,14.75,2.34,13.29,3034,4.73,8,NELLA_NORMA
ALB,B6,185,19.31,12.17,2.16,13.29,3034,6.02,9,NELLA_NORMA
ALB,AA,338,19.6,14.08,0.59,13.29,3034,6.31,10,NELLA_NORMA
ALB,G4,146,23.23,12.86,0.0,13.29,3034,9.94,11,NELLA_NORMA
ALW,OO,139,-0.2,2.9,5.04,-0.2,139,0.0,1,NELLA_NORMA
AMA,WN,457,5.67,-0.8,0.44,9.12,1232,-3.45,1,NELLA_NORMA
AMA,MQ,511,8.02,6.06,1.96,9.12,1232,-1.1,2,NELLA_NORMA
AMA,OO,217,15.34,11.22,1.38,9.12,1232,6.22,3,NELLA_NORMA
AMA,AA,47,27.23,24.43,6.38,9.12,1232,18.11,4,ANOMALO_PEGGIORE
ANC,AS,3569,3.84,1.15,1.63,6.31,4658,-2.47,1,NELLA_NORMA
ANC,UA,338,11.79,0.88,2.66,6.31,4658,5.48,2,NELLA_NORMA
ANC,DL,628,13.39,3.49,0.64,6.31,4658,7.08,3,NELLA_NORMA
ANC,AA,123,26.32,11.91,0.0,6.31,4658,20.01,4,ANOMALO_PEGGIORE
APN,OO,160,19.83,13.92,4.38,19.83,160,0.0,1,NELLA_NORMA
ASE,OO,1964,27.39,21.96,5.8,27.39,1964,0.0,1,NELLA_NORMA
ATL,YX,315,4.66,2.46,3.49,11.13,85618,-6.47,1,NELLA_NORMA
ATL,9E,6759,6.14,2.03,1.3,11.13,85618,-4.99,2,NELLA_NORMA
ATL,DL,57264,9.33,5.54,0.89,11.13,85618,-1.8,3,NELLA_NORMA
ATL,AS,342,9.36,4.41,1.75,11.13,85618,-1.77,4,NELLA_NORMA
ATL,WN,8282,12.8,6.83,0.64,11.13,85618,1.67,5,NELLA_NORMA
ATL,UA,1786,14.52,9.35,1.79,11.13,85618,3.39,6,NELLA_NORMA
ATL,OH,615,17.23,13.48,1.14,11.13,85618,6.1,7,NELLA_NORMA
ATL,MQ,174,17.95,14.99,1.15,11.13,85618,6.82,8,NELLA_NORMA
ATL,OO,2020,20.13,16.52,0.94,11.13,85618,9.0,9,NELLA_NORMA
ATL,NK,2512,20.61,13.91,1.63,11.13,85618,9.48,10,NELLA_NORMA
ATL,B6,703,23.18,18.87,1.14,11.13,85618,12.05,11,NELLA_NORMA
ATL,AA,1938,23.32,18.86,1.81,11.13,85618,12.19,12,NELLA_NORMA
ATL,F9,2908,25.27,21.12,2.44,11.13,85618,14.14,13,NELLA_NORMA
ATW,DL,79,0.05,-8.64,1.27,15.41,1632,-15.36,1,ANOMALO_MIGLIORE
ATW,9E,51,11.29,9.39,0.0,15.41,1632,-4.12,2,NELLA_NORMA
ATW,G4,349,11.57,3.73,2.58,15.41,1632,-3.84,3,NELLA_NORMA
ATW,MQ,193,12.95,6.43,0.52,15.41,1632,-2.46,4,NELLA_NORMA
ATW,OO,960,18.8,14.91,2.08,15.41,1632,3.39,5,NELLA_NORMA
AUS,YX,38,-1.0,-9.29,0.0,14.63,21124,-15.63,1,ANOMALO_MIGLIORE
AUS,UA,2346,10.56,4.69,1.32,14.63,21124,-4.07,2,NELLA_NORMA
AUS,WN,9316,11.96,5.86,0.53,14.63,21124,-2.67,3,NELLA_NORMA
AUS,AS,740,12.63,10.71,2.16,14.63,21124,-2.0,4,NELLA_NORMA
AUS,OH,8,12.75,-0.63,0.0,14.63,21124,-1.88,5,NELLA_NORMA
AUS,MQ,530,14.34,11.59,1.32,14.63,21124,-0.29,6,NELLA_NORMA
AUS,DL,2829,15.45,7.89,0.88,14.63,21124,0.82,7,NELLA_NORMA
AUS,NK,263,17.19,11.37,1.9,14.63,21124,2.56,8,NELLA_NORMA
AUS,G4,260,18.41,15.72,2.31,14.63,21124,3.78,9,NELLA_NORMA
AUS,AA,3356,20.23,17.06,1.58,14.63,21124,5.6,10,NELLA_NORMA
AUS,9E,93,20.55,19.2,1.08,14.63,21124,5.92,11,NELLA_NORMA
AUS,OO,904,22.02,16.92,0.22,14.63,21124,7.39,12,NELLA_NORMA
AUS,HA,46,25.72,29.72,0.0,14.63,21124,11.09,13,NELLA_NORMA
AUS,B6,207,29.83,22.07,1.45,14.63,21124,15.2,14,ANOMALO_PEGGIORE
AUS,F9,188,31.95,27.38,2.66,14.63,21124,17.32,15,ANOMALO_PEGGIORE
AVL,9E,185,6.39,-0.84,3.24,15.06,2999,-8.67,1,NELLA_NORMA
AVL,YX,286,9.69,3.68,5.24,15.06,2999,-5.37,2,NELLA_NORMA
AVL,OH,485,9.93,10.36,3.71,15.06,2999,-5.13,3,NELLA_NORMA
AVL,DL,570,10.35,1.82,2.63,15.06,2999,-4.71,4,NELLA_NORMA
AVL,OO,181,12.26,8.98,2.76,15.06,2999,-2.8,5,NELLA_NORMA
AVL,UA,43,15.58,9.4,0.0,15.06,2999,0.52,6,NELLA_NORMA
AVL,G4,834,18.23,14.67,3.72,15.06,2999,3.17,7,NELLA_NORMA
AVL,MQ,278,25.76,22.34,2.52,15.06,2999,10.7,8,NELLA_NORMA
AVL,B6,16,28.93,21.4,6.25,15.06,2999,13.87,9,NELLA_NORMA
AVL,AA,121,39.84,32.72,5.79,15.06,2999,24.78,10,ANOMALO_PEGGIORE
AVP,OH,67,3.78,-10.75,0.0,17.42,404,-13.64,1,NELLA_NORMA
AVP,MQ,121,8.43,5.31,0.0,17.42,404,-8.99,2,NELLA_NORMA
AVP,AA,204,24.62,19.52,0.98,17.42,404,7.2,3,NELLA_NORMA
AVP,OO,12,67.36,58.55,8.33,17.42,404,49.94,4,ANOMALO_PEGGIORE
AZA,G4,1438,5.25,-0.04,0.35,5.25,1438,0.0,1,NELLA_NORMA
AZO,9E,6,8.67,4.0,0.0,11.7,266,-3.03,1,NELLA_NORMA
AZO,OO,260,11.77,6.3,1.92,11.7,266,0.07,2,NELLA_NORMA
BDL,OO,19,-6.21,-0.95,0.0,13.18,5490,-19.39,1,ANOMALO_MIGLIORE
BDL,YX,118,-3.16,-8.84,1.69,13.18,5490,-16.34,2,ANOMALO_MIGLIORE
BDL,9E,100,1.11,-3.78,2.0,13.18,5490,-12.07,3,NELLA_NORMA
BDL,MQ,135,6.7,3.04,1.48,13.18,5490,-6.48,4,NELLA_NORMA
BDL,DL,986,7.5,-0.46,0.71,13.18,5490,-5.68,5,NELLA_NORMA
BDL,UA,542,8.06,3.98,1.48,13.18,5490,-5.12,6,NELLA_NORMA
BDL,NK,142,10.01,7.23,2.11,13.18,5490,-3.17,7,NELLA_NORMA
BDL,WN,1010,11.62,3.98,0.79,13.18,5490,-1.56,8,NELLA_NORMA
BDL,B6,848,13.11,5.55,1.06,13.18,5490,-0.07,9,NELLA_NORMA
BDL,AA,947,18.11,12.55,1.8,13.18,5490,4.93,10,NELLA_NORMA
BDL,OH,401,22.18,17.26,2.0,13.18,5490,9.0,11,NELLA_NORMA
BDL,F9,242,40.77,34.46,2.07,13.18,5490,27.59,12,ANOMALO_PEGGIORE
BET,AS,151,13.77,17.46,2.65,13.77,151,0.0,1,NELLA_NORMA
BFF,OO,165,1.07,-0.21,1.21,1.07,165,0.0,1,NELLA_NORMA
BFL,MQ,87,1.68,-2.89,0.0,9.16,685,-7.48,1,NELLA_NORMA
BFL,OO,355,4.2,-2.73,0.28,9.16,685,-4.96,2,NELLA_NORMA
BFL,AA,243,19.11,13.32,0.41,9.16,685,9.95,3,NELLA_NORMA
BGM,9E,93,5.42,-0.93,5.38,5.42,93,0.0,1,NELLA_NORMA
BGR,OH,195,5.97,-1.92,2.56,10.15,1173,-4.18,1,NELLA_NORMA
BGR,9E,332,6.43,-1.99,4.52,10.15,1173,-3.72,2,NELLA_NORMA
BGR,YX,265,7.66,0.91,3.77,10.15,1173,-2.49,3,NELLA_NORMA
BGR,MQ,55,9.69,11.09,0.0,10.15,1173,-0.46,4,NELLA_NORMA
BGR,OO,38,16.21,11.82,0.0,10.15,1173,6.06,5,NELLA_NORMA
BGR,AA,158,17.07,15.69,3.16,10.15,1173,6.92,6,NELLA_NORMA
BGR,G4,130,20.72,6.52,2.31,10.15,1173,10.57,7,NELLA_NORMA
BHM,YX,90,-3.96,-6.73,0.0,11.31,4250,-15.27,1,ANOMALO_MIGLIORE
BHM,NK,17,-0.24,5.88,0.0,11.31,4250,-11.55,2,NELLA_NORMA
BHM,DL,713,4.53,-0.59,1.26,11.31,4250,-6.78,3,NELLA_NORMA
BHM,9E,257,5.29,-3.13,1.56,11.31,4250,-6.02,4,NELLA_NORMA
BHM,MQ,605,9.24,6.35,0.66,11.31,4250,-2.07,5,NELLA_NORMA
BHM,OO,379,12.98,9.45,1.58,11.31,4250,1.67,6,NELLA_NORMA
BHM,OH,993,13.78,8.96,1.01,11.31,4250,2.47,7,NELLA_NORMA
BHM,WN,1092,15.64,10.62,0.55,11.31,4250,4.33,8,NELLA_NORMA
BHM,AA,104,25.13,23.03,3.85,11.31,4250,13.82,9,NELLA_NORMA
BIH,OO,65,10.74,-3.05,12.31,10.74,65,0.0,1,NELLA_NORMA
BIL,UA,175,0.4,-1.05,0.57,5.83,1006,-5.43,1,NELLA_NORMA
BIL,OO,319,1.45,-2.42,0.31,5.83,1006,-4.38,2,NELLA_NORMA
BIL,MQ,236,6.04,4.47,0.85,5.83,1006,0.21,3,NELLA_NORMA
BIL,DL,185,11.29,9.56,1.08,5.83,1006,5.46,4,NELLA_NORMA
BIL,G4,91,20.19,21.71,1.1,5.83,1006,14.36,5,NELLA_NORMA
BIS,9E,2,-8.5,-4.5,0.0,10.86,961,-19.36,1,ANOMALO_MIGLIORE
BIS,DL,158,2.07,-5.35,1.9,10.86,961,-8.79,2,NELLA_NORMA
BIS,G4,125,2.74,-8.76,1.6,10.86,961,-8.12,3,NELLA_NORMA
BIS,MQ,130,7.62,5.74,0.0,10.86,961,-3.24,4,NELLA_NORMA
BIS,OO,546,16.04,9.62,0.37,10.86,961,5.18,5,NELLA_NORMA
BJI,OO,186,15.58,9.96,1.08,15.58,186,0.0,1,NELLA_NORMA
BLI,G4,268,-0.4,-3.63,0.37,4.83,664,-5.23,1,NELLA_NORMA
BLI,WN,161,8.17,1.48,1.24,4.83,664,3.34,2,NELLA_NORMA
BLI,OO,235,8.58,10.96,1.28,4.83,664,3.75,3,NELLA_NORMA
BLV,G4,285,16.52,10.45,2.11,16.52,285,0.0,1,NELLA_NORMA
BMI,F9,18,-0.18,0.65,5.56,11.94,444,-12.12,1,NELLA_NORMA
BMI,9E,205,9.73,1.08,1.46,11.94,444,-2.21,2,NELLA_NORMA
BMI,MQ,177,11.97,3.95,1.13,11.94,444,0.03,3,NELLA_NORMA
BMI,G4,44,27.36,25.43,4.55,11.94,444,15.42,4,ANOMALO_PEGGIORE
BNA,DL,2105,3.97,-2.31,1.14,11.28,25235,-7.31,1,NELLA_NORMA
BNA,YX,1393,4.02,1.14,1.22,11.28,25235,-7.26,2,NELLA_NORMA
BNA,AS,288,5.99,-2.71,2.08,11.28,25235,-5.29,3,NELLA_NORMA
BNA,UA,1535,9.28,4.34,1.63,11.28,25235,-2.0,4,NELLA_NORMA
BNA,OH,637,10.39,8.33,2.35,11.28,25235,-0.89,5,NELLA_NORMA
BNA,WN,12911,10.57,3.5,0.75,11.28,25235,-0.71,6,NELLA_NORMA
BNA,MQ,657,10.65,9.11,1.98,11.28,25235,-0.63,7,NELLA_NORMA
BNA,G4,765,11.1,4.84,1.7,11.28,25235,-0.18,8,NELLA_NORMA
BNA,OO,1051,14.91,10.65,1.81,11.28,25235,3.63,9,NELLA_NORMA
BNA,B6,343,17.94,11.88,2.04,11.28,25235,6.66,10,NELLA_NORMA
BNA,F9,214,19.29,18.95,1.87,11.28,25235,8.01,11,NELLA_NORMA
BNA,9E,304,19.87,16.21,3.95,11.28,25235,8.59,12,NELLA_NORMA
BNA,NK,921,20.09,11.68,3.04,11.28,25235,8.81,13,NELLA_NORMA
BNA,AA,2111,21.82,19.85,1.99,11.28,25235,10.54,14,NELLA_NORMA
BOI,AS,170,1.71,0.32,0.0,6.71,5680,-5.0,1,NELLA_NORMA
BOI,OO,2829,4.87,2.36,0.35,6.71,5680,-1.84,2,NELLA_NORMA
BOI,UA,346,6.44,2.22,2.31,6.71,5680,-0.27,3,NELLA_NORMA
BOI,WN,1191,7.11,0.3,0.25,6.71,5680,0.4,4,NELLA_NORMA
BOI,AA,211,8.05,2.12,1.9,6.71,5680,1.34,5,NELLA_NORMA
BOI,MQ,63,8.84,3.92,0.0,6.71,5680,2.13,6,NELLA_NORMA
BOI,DL,661,8.85,2.21,1.06,6.71,5680,2.14,7,NELLA_NORMA
BOI,NK,124,10.05,6.16,0.0,6.71,5680,3.34,8,NELLA_NORMA
BOI,G4,85,47.38,47.01,1.18,6.71,5680,40.67,9,ANOMALO_PEGGIORE
BOS,9E,2,-10.0,-26.0,50.0,11.9,35654,-21.9,1,ANOMALO_MIGLIORE
BOS,G4,125,1.28,-6.76,2.4,11.9,35654,-10.62,2,NELLA_NORMA
BOS,YX,6668,3.36,-1.78,1.68,11.9,35654,-8.54,3,NELLA_NORMA
BOS,UA,3121,10.95,2.98,2.05,11.9,35654,-0.95,4,NELLA_NORMA
BOS,MQ,494,11.23,2.44,1.62,11.9,35654,-0.67,5,NELLA_NORMA
BOS,WN,1667,12.09,2.36,0.84,11.9,35654,0.19,6,NELLA_NORMA
BOS,DL,6313,12.52,2.9,0.9,11.9,35654,0.62,7,NELLA_NORMA
BOS,AS,630,12.92,6.2,1.27,11.9,35654,1.02,8,NELLA_NORMA
BOS,HA,51,14.47,10.73,0.0,11.9,35654,2.57,9,NELLA_NORMA
BOS,AA,4248,14.57,4.26,1.51,11.9,35654,2.67,10,NELLA_NORMA
BOS,B6,10206,14.92,7.8,1.32,11.9,35654,3.02,11,NELLA_NORMA
BOS,F9,357,15.97,12.68,1.68,11.9,35654,4.07,12,NELLA_NORMA
BOS,NK,1772,19.23,10.05,3.22,11.9,35654,7.33,13,NELLA_NORMA
BPT,OO,132,9.74,2.51,3.03,14.08,183,-4.34,1,NELLA_NORMA
BPT,MQ,51,25.2,25.18,1.96,14.08,183,11.12,2,NELLA_NORMA
BQK,OO,147,15.81,16.62,0.0,17.94,176,-2.13,1,NELLA_NORMA
BQK,9E,29,28.76,29.69,0.0,17.94,176,10.82,2,NELLA_NORMA
BQN,F9,127,6.47,-5.16,0.79,15.74,605,-9.27,1,NELLA_NORMA
BQN,B6,382,15.06,11.52,0.52,15.74,605,-0.68,2,NELLA_NORMA
BQN,UA,96,31.27,20.05,4.17,15.74,605,15.53,3,ANOMALO_PEGGIORE
BRD,OO,157,10.81,7.81,0.0,10.81,157,0.0,1,NELLA_NORMA
BRO,MQ,318,5.05,3.73,1.57,8.21,504,-3.16,1,NELLA_NORMA
BRO,OO,186,13.67,9.56,2.69,8.21,504,5.46,2,NELLA_NORMA
BRW,AS,84,10.96,11.66,2.38,10.96,84,0.0,1,NELLA_NORMA
BTM,OO,168,-10.38,-18.49,0.0,-10.38,168,0.0,1,NELLA_NORMA
BTR,UA,1,-2.0,-11.0,0.0,10.48,1156,-12.48,1,NELLA_NORMA
BTR,DL,205,2.03,-3.51,1.46,10.48,1156,-8.45,2,NELLA_NORMA
BTR,9E,130,9.44,5.43,0.77,10.48,1156,-1.04,3,NELLA_NORMA
BTR,OH,449,10.59,7.8,1.11,10.48,1156,0.11,4,NELLA_NORMA
BTR,OO,135,14.85,11.12,2.96,10.48,1156,4.37,5,NELLA_NORMA
BTR,MQ,236,15.75,12.99,0.85,10.48,1156,5.27,6,NELLA_NORMA
BTV,G4,1,0.0,0.0,100.0,9.59,2065,0.0,1,NELLA_NORMA
BTV,F9,4,-6.25,2.25,0.0,9.59,2065,-15.84,2,ANOMALO_MIGLIORE
BTV,YX,419,1.3,-6.41,2.63,9.59,2065,-8.29,3,NELLA_NORMA
BTV,OO,67,2.64,-5.49,0.0,9.59,2065,-6.95,4,NELLA_NORMA
BTV,UA,300,7.55,5.94,1.0,9.59,2065,-2.04,5,NELLA_NORMA
BTV,9E,467,8.2,0.49,3.64,9.59,2065,-1.39,6,NELLA_NORMA
BTV,DL,113,9.28,1.26,0.88,9.59,2065,-0.31,7,NELLA_NORMA
BTV,MQ,81,11.46,12.65,2.47,9.59,2065,1.87,8,NELLA_NORMA
BTV,AA,186,13.02,8.12,0.54,9.59,2065,3.43,9,NELLA_NORMA
BTV,OH,427,20.16,13.64,2.58,9.59,2065,10.57,10,NELLA_NORMA
BUF,YX,691,6.06,1.61,2.6,11.76,5471,-5.7,1,NELLA_NORMA
BUF,9E,484,6.28,-1.59,3.31,11.76,5471,-5.48,2,NELLA_NORMA
BUF,MQ,111,8.42,2.38,0.9,11.76,5471,-3.34,3,NELLA_NORMA
BUF,WN,1294,9.97,2.62,1.39,11.76,5471,-1.79,4,NELLA_NORMA
BUF,B6,870,10.06,5.51,1.38,11.76,5471,-1.7,5,NELLA_NORMA
BUF,DL,537,10.36,2.32,1.49,11.76,5471,-1.4,6,NELLA_NORMA
BUF,OO,183,11.94,4.27,1.64,11.76,5471,0.18,7,NELLA_NORMA
BUF,UA,249,16.63,15.33,2.41,11.76,5471,4.87,8,NELLA_NORMA
BUF,OH,240,17.79,17.52,1.67,11.76,5471,6.03,9,NELLA_NORMA
BUF,F9,287,19.1,12.61,3.14,11.76,5471,7.34,10,NELLA_NORMA
BUF,AA,525,24.44,21.79,1.71,11.76,5471,12.68,11,NELLA_NORMA
BUR,MQ,11,1.18,-7.73,0.0,9.0,7560,-7.82,1,NELLA_NORMA
BUR,AS,507,4.42,2.94,1.58,9.0,7560,-4.58,2,NELLA_NORMA
BUR,WN,4657,7.88,0.88,0.92,9.0,7560,-1.12,3,NELLA_NORMA
BUR,DL,117,9.15,4.34,0.85,9.0,7560,0.15,4,NELLA_NORMA
BUR,NK,472,10.23,7.55,1.69,9.0,7560,1.23,5,NELLA_NORMA
BUR,OO,1029,12.01,10.31,0.87,9.0,7560,3.01,6,NELLA_NORMA
BUR,UA,386,12.51,8.99,2.33,9.0,7560,3.51,7,NELLA_NORMA
BUR,AA,285,13.09,7.7,0.7,9.0,7560,4.09,8,NELLA_NORMA
BUR,F9,18,15.72,24.22,0.0,9.0,7560,6.72,9,NELLA_NORMA
BUR,B6,78,26.05,17.58,1.28,9.0,7560,17.05,10,ANOMALO_PEGGIORE
BWI,OO,3,-7.0,-9.67,0.0,15.6,24851,-22.6,1,ANOMALO_MIGLIORE
BWI,OH,9,-2.56,-5.89,0.0,15.6,24851,-18.16,2,ANOMALO_MIGLIORE
BWI,YX,227,4.0,-1.61,1.76,15.6,24851,-11.6,3,NELLA_NORMA
BWI,MQ,125,4.2,-3.7,0.8,15.6,24851,-11.4,4,NELLA_NORMA
BWI,UA,892,5.24,-1.72,1.68,15.6,24851,-10.36,5,NELLA_NORMA
BWI,DL,1393,9.2,1.88,0.29,15.6,24851,-6.4,6,NELLA_NORMA
BWI,B6,61,11.75,7.43,0.0,15.6,24851,-3.85,7,NELLA_NORMA
BWI,AS,141,11.96,9.94,1.42,15.6,24851,-3.64,8,NELLA_NORMA
BWI,AA,976,16.16,9.53,2.36,15.6,24851,0.56,9,NELLA_NORMA
BWI,WN,18400,16.32,8.93,0.9,15.6,24851,0.72,10,NELLA_NORMA
BWI,NK,1706,16.36,9.02,1.76,15.6,24851,0.76,11,NELLA_NORMA
BWI,F9,752,24.13,22.67,4.39,15.6,24851,8.53,12,NELLA_NORMA
BWI,9E,129,27.06,17.21,9.3,15.6,24851,11.46,13,NELLA_NORMA
BWI,G4,37,30.03,21.89,0.0,15.6,24851,14.43,14,NELLA_NORMA
BZN,MQ,17,6.35,-1.35,0.0,13.66,2524,-7.31,1,NELLA_NORMA
BZN,AS,153,7.95,10.22,0.65,13.66,2524,-5.71,2,NELLA_NORMA
BZN,DL,461,8.15,4.17,0.22,13.66,2524,-5.51,3,NELLA_NORMA
BZN,WN,502,9.43,3.44,0.6,13.66,2524,-4.23,4,NELLA_NORMA
BZN,OO,511,12.12,8.73,0.2,13.66,2524,-1.54,5,NELLA_NORMA
BZN,UA,538,13.44,8.9,0.56,13.66,2524,-0.22,6,NELLA_NORMA
BZN,G4,91,21.8,16.82,4.4,13.66,2524,8.14,7,NELLA_NORMA
BZN,AA,214,29.67,26.99,0.93,13.66,2524,16.01,8,ANOMALO_PEGGIORE
BZN,B6,37,81.5,82.53,2.7,13.66,2524,67.84,9,ANOMALO_PEGGIORE
CAE,OO,161,-0.14,-0.68,0.0,10.09,1639,-10.23,1,NELLA_NORMA
CAE,MQ,13,3.85,2.31,0.0,10.09,1639,-6.24,2,NELLA_NORMA
CAE,9E,282,8.56,3.51,1.77,10.09,1639,-1.53,3,NELLA_NORMA
CAE,OH,524,8.7,7.89,0.95,10.09,1639,-1.39,4,NELLA_NORMA
CAE,DL,400,9.95,1.33,1.0,10.09,1639,-0.14,5,NELLA_NORMA
CAE,AA,181,20.63,19.19,2.21,10.09,1639,10.54,6,NELLA_NORMA
CAE,YX,78,24.27,21.05,3.85,10.09,1639,14.18,7,NELLA_NORMA
CAK,OH,415,12.12,9.2,0.72,14.13,864,-2.01,1,NELLA_NORMA
CAK,G4,184,13.22,7.99,4.89,14.13,864,-0.91,2,NELLA_NORMA
CAK,OO,265,17.92,15.09,1.89,14.13,864,3.79,3,NELLA_NORMA
CDC,OO,146,-3.9,-9.48,0.68,-3.9,146,0.0,1,NELLA_NORMA
CDV,AS,179,2.73,1.16,2.23,2.73,179,0.0,1,NELLA_NORMA
CHA,DL,304,7.26,-1.04,0.99,13.19,1615,-5.93,1,NELLA_NORMA
CHA,YX,36,8.08,6.69,0.0,13.19,1615,-5.11,2,NELLA_NORMA
CHA,9E,360,8.81,2.81,0.56,13.19,1615,-4.38,3,NELLA_NORMA
CHA,OH,330,11.05,7.32,0.61,13.19,1615,-2.14,4,NELLA_NORMA
CHA,OO,219,18.63,16.51,1.83,13.19,1615,5.44,5,NELLA_NORMA
CHA,MQ,299,19.95,16.0,1.0,13.19,1615,6.76,6,NELLA_NORMA
CHA,G4,67,29.47,24.3,1.49,13.19,1615,16.28,7,ANOMALO_PEGGIORE
CHO,OH,17,1.65,0.24,0.0,11.97,770,-10.32,1,NELLA_NORMA
CHO,DL,66,6.61,-4.83,0.0,11.97,770,-5.36,2,NELLA_NORMA
CHO,YX,112,7.53,4.33,3.57,11.97,770,-4.44,3,NELLA_NORMA
CHO,9E,410,12.59,6.16,1.95,11.97,770,0.62,4,NELLA_NORMA
CHO,OO,165,16.67,17.86,1.82,11.97,770,4.7,5,NELLA_NORMA
CHS,G4,51,-0.92,-4.31,3.92,11.16,6434,-12.08,1,NELLA_NORMA
CHS,AS,98,4.64,2.13,4.08,11.16,6434,-6.52,2,NELLA_NORMA
CHS,WN,878,7.2,2.19,0.23,11.16,6434,-3.96,3,NELLA_NORMA
CHS,YX,568,7.3,1.82,0.88,11.16,6434,-3.86,4,NELLA_NORMA
CHS,MQ,238,8.85,3.43,2.1,11.16,6434,-2.31,5,NELLA_NORMA
CHS,OO,99,9.62,9.21,2.02,11.16,6434,-1.54,6,NELLA_NORMA
CHS,OH,412,10.44,7.68,1.7,11.16,6434,-0.72,7,NELLA_NORMA
CHS,DL,923,10.62,5.14,0.98,11.16,6434,-0.54,8,NELLA_NORMA
CHS,UA,568,10.95,6.47,1.06,11.16,6434,-0.21,9,NELLA_NORMA
CHS,9E,490,12.16,5.57,4.29,11.16,6434,1.0,10,NELLA_NORMA
CHS,B6,491,13.86,9.68,1.22,11.16,6434,2.7,11,NELLA_NORMA
CHS,AA,1229,14.58,11.1,1.79,11.16,6434,3.42,12,NELLA_NORMA
CHS,NK,336,17.7,12.06,3.27,11.16,6434,6.54,13,NELLA_NORMA
CHS,F9,53,19.25,15.96,1.89,11.16,6434,8.09,14,NELLA_NORMA
CID,F9,73,5.92,2.79,1.37,13.81,2085,-7.89,1,NELLA_NORMA
CID,9E,34,6.0,3.65,0.0,13.81,2085,-7.81,2,NELLA_NORMA
CID,OH,161,7.22,3.85,4.97,13.81,2085,-6.59,3,NELLA_NORMA
CID,DL,100,8.32,3.98,1.0,13.81,2085,-5.49,4,NELLA_NORMA
CID,MQ,285,8.74,5.66,1.75,13.81,2085,-5.07,5,NELLA_NORMA
CID,G4,265,9.48,2.31,2.26,13.81,2085,-4.33,6,NELLA_NORMA
CID,YX,42,13.85,4.38,4.76,13.81,2085,0.04,7,NELLA_NORMA
CID,OO,477,13.99,11.31,2.1,13.81,2085,0.18,8,NELLA_NORMA
CID,UA,308,14.68,13.59,1.95,13.81,2085,0.87,9,NELLA_NORMA
CID,AA,340,27.62,22.02,2.35,13.81,2085,13.81,10,NELLA_NORMA
CIU,OO,176,25.23,20.05,0.0,25.23,176,0.0,1,NELLA_NORMA
CKB,G4,49,14.28,9.76,6.12,14.28,49,0.0,1,NELLA_NORMA
CLE,AS,132,4.12,0.48,2.27,10.14,10236,-6.02,1,NELLA_NORMA
CLE,UA,2101,4.18,-2.11,1.62,10.14,10236,-5.96,2,NELLA_NORMA
CLE,YX,1051,4.49,-1.05,1.43,10.14,10236,-5.65,3,NELLA_NORMA
CLE,WN,1282,7.34,-0.79,0.55,10.14,10236,-2.8,4,NELLA_NORMA
CLE,MQ,151,8.39,1.87,1.32,10.14,10236,-1.75,5,NELLA_NORMA
CLE,OH,375,8.54,6.77,2.13,10.14,10236,-1.6,6,NELLA_NORMA
CLE,NK,247,9.68,1.65,2.43,10.14,10236,-0.46,7,NELLA_NORMA
CLE,DL,800,9.95,-0.06,1.0,10.14,10236,-0.19,8,NELLA_NORMA
CLE,9E,580,11.3,3.42,2.07,10.14,10236,1.16,9,NELLA_NORMA
CLE,OO,411,13.1,6.53,0.49,10.14,10236,2.96,10,NELLA_NORMA
CLE,AA,1210,14.21,10.42,1.57,10.14,10236,4.07,11,NELLA_NORMA
CLE,F9,1706,19.22,12.7,3.11,10.14,10236,9.08,12,NELLA_NORMA
CLE,B6,190,20.27,17.54,0.53,10.14,10236,10.13,13,NELLA_NORMA
CLL,MQ,214,7.33,2.72,1.87,11.35,269,-4.02,1,NELLA_NORMA
CLL,OO,55,26.69,24.15,0.0,11.35,269,15.34,2,ANOMALO_PEGGIORE
CLT,YX,623,7.15,2.37,1.61,18.32,54398,-11.17,1,NELLA_NORMA
CLT,DL,1615,10.83,2.24,0.5,18.32,54398,-7.49,2,NELLA_NORMA
CLT,OH,14170,11.89,7.88,1.14,18.32,54398,-6.43,3,NELLA_NORMA
CLT,UA,1025,12.2,8.78,1.56,18.32,54398,-6.12,4,NELLA_NORMA
CLT,9E,801,14.31,9.13,3.12,18.32,54398,-4.01,5,NELLA_NORMA
CLT,OO,19,15.26,6.26,0.0,18.32,54398,-3.06,6,NELLA_NORMA
CLT,B6,143,16.47,8.38,1.4,18.32,54398,-1.85,7,NELLA_NORMA
CLT,MQ,1546,16.78,13.17,1.29,18.32,54398,-1.54,8,NELLA_NORMA
CLT,WN,856,17.07,10.34,0.23,18.32,54398,-1.25,9,NELLA_NORMA
CLT,NK,1283,20.53,14.06,2.65,18.32,54398,2.21,10,NELLA_NORMA
CLT,AA,31515,22.01,17.41,1.3,18.32,54398,3.69,11,NELLA_NORMA
CLT,F9,802,23.65,25.67,2.87,18.32,54398,5.33,12,NELLA_NORMA
CMH,YX,3003,0.81,-5.05,1.07,8.75,10709,-7.94,1,NELLA_NORMA
CMH,AS,127,4.15,-3.4,0.79,8.75,10709,-4.6,2,NELLA_NORMA
CMH,DL,858,4.7,-3.01,1.05,8.75,10709,-4.05,3,NELLA_NORMA
CMH,MQ,794,8.7,3.86,0.38,8.75,10709,-0.05,4,NELLA_NORMA
CMH,9E,67,9.33,1.4,0.0,8.75,10709,0.58,5,NELLA_NORMA
CMH,WN,2921,9.62,2.14,0.72,8.75,10709,0.87,6,NELLA_NORMA
CMH,OO,344,10.73,4.08,0.0,8.75,10709,1.98,7,NELLA_NORMA
CMH,F9,60,12.69,8.12,3.33,8.75,10709,3.94,8,NELLA_NORMA
CMH,UA,669,15.61,13.28,0.75,8.75,10709,6.86,9,NELLA_NORMA
CMH,NK,630,16.19,7.48,2.7,8.75,10709,7.44,10,NELLA_NORMA
CMH,OH,354,20.58,16.9,1.41,8.75,10709,11.83,11,NELLA_NORMA
CMH,AA,882,21.36,17.56,1.59,8.75,10709,12.61,12,NELLA_NORMA
CMI,MQ,336,12.2,5.13,1.19,12.2,336,0.0,1,NELLA_NORMA
CMX,OO,192,15.77,12.63,4.17,15.77,192,0.0,1,NELLA_NORMA
CNY,OO,10,-3.0,-3.0,0.0,-3.0,10,0.0,1,NELLA_NORMA
COD,OO,135,15.17,7.93,0.74,15.17,135,0.0,1,NELLA_NORMA
COS,OO,1251,8.12,1.95,1.44,10.21,3135,-2.09,1,NELLA_NORMA
COS,WN,1225,8.51,2.87,0.9,10.21,3135,-1.7,2,NELLA_NORMA
COS,UA,179,10.57,7.59,3.35,10.21,3135,0.36,3,NELLA_NORMA
COS,DL,143,10.62,7.51,0.0,10.21,3135,0.41,4,NELLA_NORMA
COS,AA,261,18.75,17.72,3.07,10.21,3135,8.54,5,NELLA_NORMA
COS,MQ,76,41.73,40.12,1.32,10.21,3135,31.52,6,ANOMALO_PEGGIORE
COU,MQ,407,16.02,14.08,1.47,18.41,425,-2.39,1,NELLA_NORMA
COU,OO,18,71.61,61.56,0.0,18.41,425,53.2,2,ANOMALO_PEGGIORE
CPR,OO,446,4.51,-3.73,0.45,4.51,446,0.0,1,NELLA_NORMA
CRP,OO,67,-1.14,-4.77,1.49,6.96,959,-8.1,1,NELLA_NORMA
CRP,WN,296,5.56,0.57,1.01,6.96,959,-1.4,2,NELLA_NORMA
CRP,MQ,596,8.57,6.42,1.85,6.96,959,1.61,3,NELLA_NORMA
CRW,9E,37,2.7,-4.78,0.0,17.98,853,-15.28,1,ANOMALO_MIGLIORE
CRW,OH,351,12.48,7.23,1.14,17.98,853,-5.5,2,NELLA_NORMA
CRW,OO,465,23.33,16.19,0.65,17.98,853,5.35,3,NELLA_NORMA
CSG,9E,153,9.46,3.07,2.61,15.63,247,-6.17,1,NELLA_NORMA
CSG,OO,94,25.52,21.53,1.06,15.63,247,9.89,2,NELLA_NORMA
CVG,YX,1348,3.59,-1.71,1.56,9.81,10261,-6.22,1,NELLA_NORMA
CVG,OO,205,4.06,1.43,0.49,9.81,10261,-5.75,2,NELLA_NORMA
CVG,UA,522,5.63,1.5,1.34,9.81,10261,-4.18,3,NELLA_NORMA
CVG,9E,1655,5.98,0.41,2.42,9.81,10261,-3.83,4,NELLA_NORMA
CVG,AS,101,8.39,0.93,1.98,9.81,10261,-1.42,5,NELLA_NORMA
CVG,WN,581,8.72,2.5,0.34,9.81,10261,-1.09,6,NELLA_NORMA
CVG,DL,1806,9.21,1.67,1.16,9.81,10261,-0.6,7,NELLA_NORMA
CVG,G4,772,12.71,8.17,1.55,9.81,10261,2.9,8,NELLA_NORMA
CVG,MQ,628,12.97,9.84,0.8,9.81,10261,3.16,9,NELLA_NORMA
CVG,OH,623,13.27,11.16,0.96,9.81,10261,3.46,10,NELLA_NORMA
CVG,F9,1160,13.35,9.57,2.33,9.81,10261,3.54,11,NELLA_NORMA
CVG,AA,860,20.84,14.78,2.67,9.81,10261,11.03,12,NELLA_NORMA
CWA,9E,171,1.95,-4.49,0.0,1.95,171,0.0,1,NELLA_NORMA
CYS,OO,152,2.96,-6.5,2.63,2.96,152,0.0,1,NELLA_NORMA
DAB,DL,322,4.55,-1.0,1.55,7.96,665,-3.41,1,NELLA_NORMA
DAB,AA,84,9.34,4.02,2.38,7.96,665,1.38,2,NELLA_NORMA
DAB,OH,258,11.78,4.25,2.71,7.96,665,3.82,3,NELLA_NORMA
DAB,MQ,1,18.0,2.0,0.0,7.96,665,10.04,4,NELLA_NORMA
DAL,AS,92,5.42,1.23,2.17,13.8,18196,-8.38,1,NELLA_NORMA
DAL,WN,17568,13.82,7.84,1.22,13.8,18196,0.02,2,NELLA_NORMA
DAL,DL,536,14.45,9.23,1.12,13.8,18196,0.65,3,NELLA_NORMA
DAY,DL,274,-0.9,-12.64,0.36,8.6,1904,-9.5,1,NELLA_NORMA
DAY,OH,911,9.41,4.46,0.77,8.6,1904,0.81,2,NELLA_NORMA
DAY,OO,411,9.82,4.41,1.7,8.6,1904,1.22,3,NELLA_NORMA
DAY,9E,118,9.85,-0.59,1.69,8.6,1904,1.25,4,NELLA_NORMA
DAY,YX,83,9.99,8.18,1.2,8.6,1904,1.39,5,NELLA_NORMA
DAY,MQ,46,11.84,3.8,2.17,8.6,1904,3.24,6,NELLA_NORMA
DAY,G4,61,25.51,23.09,6.56,8.6,1904,16.91,7,ANOMALO_PEGGIORE
DCA,YX,6775,4.3,-1.21,1.27,11.74,35111,-7.44,1,NELLA_NORMA
DCA,AS,414,6.81,-0.52,0.48,11.74,35111,-4.93,2,NELLA_NORMA
DCA,DL,2248,10.09,1.24,1.29,11.74,35111,-1.65,3,NELLA_NORMA
DCA,OO,41,11.28,-1.4,2.44,11.74,35111,-0.46,4,NELLA_NORMA
DCA,MQ,1050,11.76,6.89,2.0,11.74,35111,0.02,5,NELLA_NORMA
DCA,WN,3967,12.17,3.19,1.01,11.74,35111,0.43,6,NELLA_NORMA
DCA,UA,1589,12.44,6.77,1.38,11.74,35111,0.7,7,NELLA_NORMA
DCA,OH,9281,13.15,8.12,2.09,11.74,35111,1.41,8,NELLA_NORMA
DCA,9E,495,15.15,9.05,2.22,11.74,35111,3.41,9,NELLA_NORMA
DCA,F9,283,15.73,5.86,2.47,11.74,35111,3.99,10,NELLA_NORMA
DCA,B6,2110,15.92,8.14,1.56,11.74,35111,4.18,11,NELLA_NORMA
DCA,AA,6858,15.96,9.0,1.65,11.74,35111,4.22,12,NELLA_NORMA
DDC,OO,159,7.92,4.05,3.77,7.92,159,0.0,1,NELLA_NORMA
DEC,OO,210,37.48,33.3,1.43,37.48,210,0.0,1,NELLA_NORMA
DEN,G4,124,7.18,5.34,0.81,13.21,77165,-6.03,1,NELLA_NORMA
DEN,MQ,40,7.88,5.38,0.0,13.21,77165,-5.33,2,NELLA_NORMA
DEN,AS,568,8.46,5.8,1.76,13.21,77165,-4.75,3,NELLA_NORMA
DEN,DL,3195,9.71,1.77,0.97,13.21,77165,-3.5,4,NELLA_NORMA
DEN,OO,15080,10.46,5.5,1.33,13.21,77165,-2.75,5,NELLA_NORMA
DEN,UA,25478,12.55,7.51,1.25,13.21,77165,-0.66,6,NELLA_NORMA
DEN,WN,23975,14.85,8.97,0.81,13.21,77165,1.64,7,NELLA_NORMA
DEN,F9,6319,15.99,11.1,1.47,13.21,77165,2.78,8,NELLA_NORMA
DEN,AA,2062,19.04,14.23,1.75,13.21,77165,5.83,9,NELLA_NORMA
DEN,NK,8,23.13,17.25,0.0,13.21,77165,9.92,10,NELLA_NORMA
DEN,B6,316,26.06,21.0,2.53,13.21,77165,12.85,11,NELLA_NORMA
DFW,MQ,17467,8.93,4.85,1.49,18.69,78356,-9.76,1,NELLA_NORMA
DFW,OO,5948,10.07,6.21,1.85,18.69,78356,-8.62,2,NELLA_NORMA
DFW,UA,2112,12.9,9.4,1.85,18.69,78356,-5.79,3,NELLA_NORMA
DFW,DL,3094,13.49,6.16,0.81,18.69,78356,-5.2,4,NELLA_NORMA
DFW,AS,570,15.65,13.99,1.58,18.69,78356,-3.04,5,NELLA_NORMA
DFW,OH,2287,15.73,10.78,2.58,18.69,78356,-2.96,6,NELLA_NORMA
DFW,NK,2512,16.81,11.06,1.15,18.69,78356,-1.88,7,NELLA_NORMA
DFW,F9,2566,20.77,19.75,3.35,18.69,78356,2.08,8,NELLA_NORMA
DFW,AA,41703,24.86,19.26,1.93,18.69,78356,6.17,9,NELLA_NORMA
DFW,B6,85,36.62,32.54,1.18,18.69,78356,17.93,10,ANOMALO_PEGGIORE
DFW,YX,10,53.3,41.6,0.0,18.69,78356,34.61,11,ANOMALO_PEGGIORE
DFW,9E,2,99.5,130.0,0.0,18.69,78356,80.81,12,ANOMALO_PEGGIORE
DHN,OO,77,10.05,3.68,1.3,10.06,214,-0.01,1,NELLA_NORMA
DHN,9E,137,10.06,6.67,0.0,10.06,214,0.0,2,NELLA_NORMA
DIK,OO,164,14.38,5.82,3.05,14.38,164,0.0,1,NELLA_NORMA
DLG,AS,37,-9.14,-7.29,5.41,-9.14,37,0.0,1,NELLA_NORMA
DLH,DL,27,4.44,-2.81,0.0,11.16,583,-6.72,1,NELLA_NORMA
DLH,YX,123,5.57,-0.55,0.0,11.16,583,-5.59,2,NELLA_NORMA
DLH,OO,390,12.92,5.28,1.03,11.16,583,1.76,3,NELLA_NORMA
DLH,9E,43,15.6,14.51,0.0,11.16,583,4.44,4,NELLA_NORMA
DRO,MQ,12,-5.25,-20.17,0.0,12.09,976,-17.34,1,ANOMALO_MIGLIORE
DRO,AA,2,8.5,2.5,0.0,12.09,976,-3.59,2,NELLA_NORMA
DRO,OO,763,12.25,9.07,1.31,12.09,976,0.16,3,NELLA_NORMA
DRO,UA,199,12.57,1.41,1.01,12.09,976,0.48,4,NELLA_NORMA
DSM,YX,228,3.53,0.97,1.75,11.62,3822,-8.09,1,NELLA_NORMA
DSM,UA,520,5.65,3.85,1.54,11.62,3822,-5.97,2,NELLA_NORMA
DSM,MQ,231,5.84,-0.01,2.16,11.62,3822,-5.78,3,NELLA_NORMA
DSM,OO,222,5.85,0.43,3.15,11.62,3822,-5.77,4,NELLA_NORMA
DSM,9E,649,8.14,2.01,1.54,11.62,3822,-3.48,5,NELLA_NORMA
DSM,WN,451,8.23,1.54,0.67,11.62,3822,-3.39,6,NELLA_NORMA
DSM,DL,289,12.3,3.19,1.04,11.62,3822,0.68,7,NELLA_NORMA
DSM,G4,444,17.1,12.68,1.58,11.62,3822,5.48,8,NELLA_NORMA
DSM,OH,120,20.13,17.9,2.5,11.62,3822,8.51,9,NELLA_NORMA
DSM,AA,595,22.74,17.95,1.01,11.62,3822,11.12,10,NELLA_NORMA
DSM,F9,73,25.49,23.25,0.0,11.62,3822,13.87,11,NELLA_NORMA
DTW,YX,1212,3.14,-1.68,2.23,10.66,33075,-7.52,1,NELLA_NORMA
DTW,9E,3274,3.76,-1.24,0.98,10.66,33075,-6.9,2,NELLA_NORMA
DTW,OH,308,4.68,1.0,1.62,10.66,33075,-5.98,3,NELLA_NORMA
DTW,B6,264,6.26,3.65,0.38,10.66,33075,-4.4,4,NELLA_NORMA
DTW,UA,562,6.91,0.94,0.71,10.66,33075,-3.75,5,NELLA_NORMA
DTW,AS,125,7.65,2.58,1.6,10.66,33075,-3.01,6,NELLA_NORMA
DTW,MQ,247,8.19,4.93,2.43,10.66,33075,-2.47,7,NELLA_NORMA
DTW,WN,1034,8.84,1.44,0.48,10.66,33075,-1.82,8,NELLA_NORMA
DTW,NK,2666,9.59,0.5,1.61,10.66,33075,-1.07,9,NELLA_NORMA
DTW,DL,14850,10.99,4.89,0.83,10.66,33075,0.33,10,NELLA_NORMA
DTW,OO,6491,14.27,10.26,0.74,10.66,33075,3.61,11,NELLA_NORMA
DTW,AA,1476,15.63,9.64,1.96,10.66,33075,4.97,12,NELLA_NORMA
DTW,F9,566,22.76,17.16,3.18,10.66,33075,12.1,13,NELLA_NORMA
DVL,OO,154,23.34,18.67,3.25,23.34,154,0.0,1,NELLA_NORMA
EAR,OO,26,50.96,44.2,3.85,50.96,26,0.0,1,NELLA_NORMA
EAU,OO,14,30.54,26.15,7.14,30.54,14,0.0,1,NELLA_NORMA
ECP,OO,77,4.76,0.27,2.6,10.91,2102,-6.15,1,NELLA_NORMA
ECP,DL,621,7.02,2.04,0.81,10.91,2102,-3.89,2,NELLA_NORMA
ECP,9E,4,9.0,5.25,0.0,10.91,2102,-1.91,3,NELLA_NORMA
ECP,WN,758,10.19,5.79,0.92,10.91,2102,-0.72,4,NELLA_NORMA
ECP,YX,7,10.29,2.43,0.0,10.91,2102,-0.62,5,NELLA_NORMA
ECP,OH,268,10.32,7.16,1.12,10.91,2102,-0.59,6,NELLA_NORMA
ECP,MQ,202,11.88,6.91,2.48,10.91,2102,0.97,7,NELLA_NORMA
ECP,AA,165,31.88,29.18,2.42,10.91,2102,20.97,8,ANOMALO_PEGGIORE
EGE,OO,439,5.54,-1.59,0.91,19.35,905,-13.81,1,NELLA_NORMA
EGE,DL,43,17.81,13.72,0.0,19.35,905,-1.54,2,NELLA_NORMA
EGE,UA,111,21.85,15.06,0.9,19.35,905,2.5,3,NELLA_NORMA
EGE,AA,307,37.89,36.51,1.3,19.35,905,18.54,4,ANOMALO_PEGGIORE
EGE,F9,5,55.8,64.6,0.0,19.35,905,36.45,5,ANOMALO_PEGGIORE
EKO,OO,94,-2.11,-10.34,1.06,-2.11,94,0.0,1,NELLA_NORMA
ELM,G4,67,4.5,-1.45,1.49,22.1,239,-17.6,1,ANOMALO_MIGLIORE
ELM,OO,172,28.89,23.55,0.58,22.1,239,6.79,2,NELLA_NORMA
ELP,OO,562,5.8,3.57,0.71,10.51,4286,-4.71,1,NELLA_NORMA
ELP,WN,2175,8.48,2.71,0.55,10.51,4286,-2.03,2,NELLA_NORMA
ELP,MQ,397,9.45,7.23,1.01,10.51,4286,-1.06,3,NELLA_NORMA
ELP,UA,91,10.83,3.63,1.1,10.51,4286,0.32,4,NELLA_NORMA
ELP,DL,171,13.59,7.97,1.17,10.51,4286,3.08,5,NELLA_NORMA
ELP,AA,686,18.16,15.53,2.04,10.51,4286,7.65,6,NELLA_NORMA
ELP,F9,160,18.17,14.74,2.5,10.51,4286,7.66,7,NELLA_NORMA
ELP,YX,10,19.88,8.5,20.0,10.51,4286,9.37,8,NELLA_NORMA
ELP,G4,34,24.18,20.74,0.0,10.51,4286,13.67,9,NELLA_NORMA
ESC,OO,133,6.55,1.83,0.75,6.55,133,0.0,1,NELLA_NORMA
EUG,WN,423,5.1,-2.01,2.36,11.16,1790,-6.06,1,NELLA_NORMA
EUG,OO,646,8.12,4.14,1.86,11.16,1790,-3.04,2,NELLA_NORMA
EUG,G4,99,8.39,5.4,4.04,11.16,1790,-2.77,3,NELLA_NORMA
EUG,AS,71,13.68,16.22,4.23,11.16,1790,2.52,4,NELLA_NORMA
EUG,UA,365,15.37,9.08,1.1,11.16,1790,4.21,5,NELLA_NORMA
EUG,AA,179,21.67,16.94,1.68,11.16,1790,10.51,6,NELLA_NORMA
EUG,MQ,7,174.86,163.14,0.0,11.16,1790,163.7,7,ANOMALO_PEGGIORE
EVV,OH,5,-12.0,-15.6,0.0,10.52,530,-22.52,1,ANOMALO_MIGLIORE
EVV,DL,7,-3.43,-7.57,0.0,10.52,530,-13.95,2,NELLA_NORMA
EVV,9E,165,-1.23,-7.27,0.61,10.52,530,-11.75,3,NELLA_NORMA
EVV,MQ,179,5.41,1.21,0.56,10.52,530,-5.11,4,NELLA_NORMA
EVV,OO,113,8.6,6.04,0.88,10.52,530,-1.92,5,NELLA_NORMA
EVV,G4,61,65.78,55.44,3.28,10.52,530,55.26,6,ANOMALO_PEGGIORE
EWN,OH,13,123.82,119.64,15.38,123.82,13,0.0,1,NELLA_NORMA
EWR,YX,5780,3.94,-4.06,3.04,14.24,32354,-10.3,1,NELLA_NORMA
EWR,G4,158,7.94,-2.72,0.0,14.24,32354,-6.3,2,NELLA_NORMA
EWR,AS,779,12.48,4.25,3.59,14.24,32354,-1.76,3,NELLA_NORMA
EWR,UA,17456,15.28,8.42,2.47,14.24,32354,1.04,4,NELLA_NORMA
EWR,B6,1397,15.51,8.41,1.65,14.24,32354,1.27,5,NELLA_NORMA
EWR,NK,2717,16.92,6.19,3.09,14.24,32354,2.68,6,NELLA_NORMA
EWR,DL,1588,21.99,16.12,1.26,14.24,32354,7.75,7,NELLA_NORMA
EWR,AA,1759,22.36,12.03,1.82,14.24,32354,8.12,8,NELLA_NORMA
EWR,MQ,230,22.39,14.25,4.35,14.24,32354,8.15,9,NELLA_NORMA
EWR,9E,401,22.48,18.31,3.99,14.24,32354,8.24,10,NELLA_NORMA
EWR,F9,89,40.7,36.17,1.12,14.24,32354,26.46,11,ANOMALO_PEGGIORE
EYW,MQ,495,12.9,10.24,3.03,23.27,1926,-10.37,1,NELLA_NORMA
EYW,UA,192,13.76,11.24,1.04,23.27,1926,-9.51,2,NELLA_NORMA
EYW,YX,240,14.95,11.33,3.33,23.27,1926,-8.32,3,NELLA_NORMA
EYW,DL,328,18.14,13.43,1.52,23.27,1926,-5.13,4,NELLA_NORMA
EYW,B6,50,26.24,8.18,0.0,23.27,1926,2.97,5,NELLA_NORMA
EYW,9E,35,26.88,25.56,2.86,23.27,1926,3.61,6,NELLA_NORMA
EYW,G4,162,35.58,31.75,3.7,23.27,1926,12.31,7,NELLA_NORMA
EYW,AA,424,42.86,38.5,1.65,23.27,1926,19.59,8,ANOMALO_PEGGIORE
FAI,AS,617,1.34,-1.53,1.13,3.8,841,-2.46,1,NELLA_NORMA
FAI,UA,84,8.25,-8.05,1.19,3.8,841,4.45,2,NELLA_NORMA
FAI,DL,140,11.92,5.22,0.71,3.8,841,8.12,3,NELLA_NORMA
FAR,DL,171,3.73,-2.78,1.17,14.37,1625,-10.64,1,NELLA_NORMA
FAR,9E,62,7.06,-0.1,0.0,14.37,1625,-7.31,2,NELLA_NORMA
FAR,G4,171,8.79,0.73,1.17,14.37,1625,-5.58,3,NELLA_NORMA
FAR,F9,64,13.21,11.41,1.56,14.37,1625,-1.16,4,NELLA_NORMA
FAR,MQ,417,13.64,5.98,0.24,14.37,1625,-0.73,5,NELLA_NORMA
FAR,OO,710,17.35,13.57,1.13,14.37,1625,2.98,6,NELLA_NORMA
FAR,UA,30,65.24,59.34,3.33,14.37,1625,50.87,7,ANOMALO_PEGGIORE
FAT,MQ,3,-1.0,1.33,0.0,9.62,2912,-10.62,1,NELLA_NORMA
FAT,AS,92,1.74,0.69,1.09,9.62,2912,-7.88,2,NELLA_NORMA
FAT,OO,1659,6.8,2.4,0.42,9.62,2912,-2.82,3,NELLA_NORMA
FAT,WN,373,9.43,3.8,0.0,9.62,2912,-0.19,4,NELLA_NORMA
FAT,G4,167,11.96,13.04,0.0,9.62,2912,2.34,5,NELLA_NORMA
FAT,UA,72,11.96,3.64,4.17,9.62,2912,2.34,5,NELLA_NORMA
FAT,AA,508,17.85,13.5,1.38,9.62,2912,8.23,7,NELLA_NORMA
FAT,DL,38,31.0,21.66,0.0,9.62,2912,21.38,8,ANOMALO_PEGGIORE
FAY,9E,90,8.22,3.29,0.0,10.44,384,-2.22,1,NELLA_NORMA
FAY,DL,84,9.69,3.68,0.0,10.44,384,-0.75,2,NELLA_NORMA
FAY,OH,162,11.43,11.19,1.23,10.44,384,0.99,3,NELLA_NORMA
FAY,OO,48,12.68,9.94,2.08,10.44,384,2.24,4,NELLA_NORMA
FCA,DL,202,7.13,2.28,0.5,10.13,975,-3.0,1,NELLA_NORMA
FCA,UA,228,7.19,2.97,2.19,10.13,975,-2.94,2,NELLA_NORMA
FCA,OO,375,8.9,4.57,1.07,10.13,975,-1.23,3,NELLA_NORMA
FCA,G4,64,12.62,9.13,1.56,10.13,975,2.49,4,NELLA_NORMA
FCA,AA,95,22.11,18.77,1.05,10.13,975,11.98,5,NELLA_NORMA
FCA,MQ,11,49.18,43.73,0.0,10.13,975,39.05,6,ANOMALO_PEGGIORE
FLG,OO,491,9.0,6.5,1.02,9.0,491,0.0,1,NELLA_NORMA
FLL,UA,2087,11.92,6.11,2.54,17.14,23138,-5.22,1,NELLA_NORMA
FLL,WN,3526,14.32,9.59,1.28,17.14,23138,-2.82,2,NELLA_NORMA
FLL,DL,3152,15.82,9.72,1.33,17.14,23138,-1.32,3,NELLA_NORMA
FLL,AS,271,17.36,11.64,5.9,17.14,23138,0.22,4,NELLA_NORMA
FLL,B6,4799,17.49,12.26,1.33,17.14,23138,0.35,5,NELLA_NORMA
FLL,F9,412,18.67,17.07,2.18,17.14,23138,1.53,6,NELLA_NORMA
FLL,G4,818,18.68,15.87,2.08,17.14,23138,1.54,7,NELLA_NORMA
FLL,NK,6452,19.16,14.74,1.84,17.14,23138,2.02,8,NELLA_NORMA
FLL,AA,1615,22.2,18.71,2.17,17.14,23138,5.06,9,NELLA_NORMA
FLL,9E,6,35.0,36.33,0.0,17.14,23138,17.86,10,ANOMALO_PEGGIORE
FNT,G4,363,8.97,4.01,1.38,15.98,574,-7.01,1,NELLA_NORMA
FNT,OO,211,28.11,26.11,1.9,15.98,574,12.13,2,NELLA_NORMA
FOD,OO,145,23.32,20.89,3.45,23.32,145,0.0,1,NELLA_NORMA
FSD,YX,14,-5.29,-6.64,0.0,12.87,1798,-18.16,1,ANOMALO_MIGLIORE
FSD,UA,187,7.1,4.32,2.67,12.87,1798,-5.77,2,NELLA_NORMA
FSD,F9,66,7.26,4.65,1.52,12.87,1798,-5.61,3,NELLA_NORMA
FSD,OO,679,7.95,1.36,1.47,12.87,1798,-4.92,4,NELLA_NORMA
FSD,9E,77,7.97,4.86,1.3,12.87,1798,-4.9,5,NELLA_NORMA
FSD,G4,250,13.91,7.65,1.6,12.87,1798,1.04,6,NELLA_NORMA
FSD,MQ,210,17.0,9.49,3.33,12.87,1798,4.13,7,NELLA_NORMA
FSD,DL,164,23.52,17.49,3.05,12.87,1798,10.65,8,NELLA_NORMA
FSD,AA,151,29.94,22.89,1.32,12.87,1798,17.07,9,ANOMALO_PEGGIORE
FSM,MQ,282,12.85,7.92,2.84,13.1,321,-0.25,1,NELLA_NORMA
FSM,OO,39,14.92,10.26,2.56,13.1,321,1.82,2,NELLA_NORMA
FWA,9E,69,4.54,-8.0,1.45,17.65,1162,-13.11,1,NELLA_NORMA
FWA,MQ,208,11.52,6.58,0.48,17.65,1162,-6.13,2,NELLA_NORMA
FWA,OH,49,16.16,7.18,0.0,17.65,1162,-1.49,3,NELLA_NORMA
FWA,OO,632,19.05,13.26,1.11,17.65,1162,1.4,4,NELLA_NORMA
FWA,G4,204,24.54,19.65,3.43,17.65,1162,6.89,5,NELLA_NORMA
GCC,OO,167,13.98,8.07,1.2,13.98,167,0.0,1,NELLA_NORMA
GCK,MQ,132,14.53,13.92,3.03,17.62,183,-3.09,1,NELLA_NORMA
GCK,OO,51,25.67,23.86,3.92,17.62,183,8.05,2,NELLA_NORMA
GEG,UA,214,0.05,-7.35,1.4,5.96,4389,-5.91,1,NELLA_NORMA
GEG,OO,1449,3.47,0.87,0.48,5.96,4389,-2.49,2,NELLA_NORMA
GEG,AS,620,3.87,1.44,1.77,5.96,4389,-2.09,3,NELLA_NORMA
GEG,WN,938,5.93,-0.7,0.11,5.96,4389,-0.03,4,NELLA_NORMA
GEG,DL,749,6.11,-0.36,0.93,5.96,4389,0.15,5,NELLA_NORMA
GEG,G4,58,14.29,10.72,0.0,5.96,4389,8.33,6,NELLA_NORMA
GEG,AA,361,21.47,15.08,0.83,5.96,4389,15.51,7,ANOMALO_PEGGIORE
GFK,OO,241,7.03,2.9,0.41,9.19,304,-2.16,1,NELLA_NORMA
GFK,9E,19,7.95,-1.68,0.0,9.19,304,-1.24,2,NELLA_NORMA
GFK,G4,44,21.55,12.68,0.0,9.19,304,12.36,3,NELLA_NORMA
GGG,OO,114,21.67,17.89,1.75,23.85,171,-2.18,1,NELLA_NORMA
GGG,MQ,57,28.2,25.04,1.75,23.85,171,4.35,2,NELLA_NORMA
GJT,OO,665,7.84,4.32,0.3,9.85,1005,-2.01,1,NELLA_NORMA
GJT,UA,182,7.95,-2.91,0.55,9.85,1005,-1.9,2,NELLA_NORMA
GJT,MQ,116,13.14,12.63,0.86,9.85,1005,3.29,3,NELLA_NORMA
GJT,G4,42,40.83,40.29,0.0,9.85,1005,30.98,4,ANOMALO_PEGGIORE
GNV,9E,39,-1.13,-9.0,0.0,9.39,804,-10.52,1,NELLA_NORMA
GNV,DL,397,3.65,-3.86,0.76,9.39,804,-5.74,2,NELLA_NORMA
GNV,MQ,178,9.51,5.41,3.37,9.39,804,0.12,3,NELLA_NORMA
GNV,OH,190,23.94,21.13,4.21,9.39,804,14.55,4,NELLA_NORMA
GPT,OO,80,-0.94,-2.41,0.0,9.4,808,-10.34,1,NELLA_NORMA
GPT,DL,280,2.55,-2.99,0.36,9.4,808,-6.85,2,NELLA_NORMA
GPT,OH,288,13.29,11.84,0.69,9.4,808,3.89,3,NELLA_NORMA
GPT,MQ,141,17.5,13.73,2.84,9.4,808,8.1,4,NELLA_NORMA
GPT,9E,13,26.69,24.31,0.0,9.4,808,17.29,5,ANOMALO_PEGGIORE
GPT,G4,6,57.33,57.83,0.0,9.4,808,47.93,6,ANOMALO_PEGGIORE
GRB,YX,40,0.95,-3.23,0.0,14.22,1033,-13.27,1,NELLA_NORMA
GRB,MQ,81,5.93,-0.63,1.23,14.22,1033,-8.29,2,NELLA_NORMA
GRB,9E,18,12.83,0.0,0.0,14.22,1033,-1.39,3,NELLA_NORMA
GRB,F9,27,14.59,12.48,0.0,14.22,1033,0.37,4,NELLA_NORMA
GRB,OO,780,15.39,11.16,1.28,14.22,1033,1.17,5,NELLA_NORMA
GRB,DL,87,17.78,10.09,0.0,14.22,1033,3.56,6,NELLA_NORMA
GRI,G4,53,16.8,11.47,3.77,26.82,228,-10.02,1,NELLA_NORMA
GRI,OO,175,29.81,28.38,2.29,26.82,228,2.99,2,NELLA_NORMA
GRK,OO,128,14.97,12.65,4.69,17.11,460,-2.14,1,NELLA_NORMA
GRK,MQ,332,17.91,14.93,1.51,17.11,460,0.8,2,NELLA_NORMA
GRR,YX,512,0.96,-4.66,1.76,9.77,4537,-8.81,1,NELLA_NORMA
GRR,UA,318,0.97,-2.31,1.26,9.77,4537,-8.8,2,NELLA_NORMA
GRR,9E,274,6.12,-1.36,5.47,9.77,4537,-3.65,3,NELLA_NORMA
GRR,DL,691,6.25,-2.51,1.45,9.77,4537,-3.52,4,NELLA_NORMA
GRR,G4,544,7.08,1.57,1.1,9.77,4537,-2.69,5,NELLA_NORMA
GRR,OH,201,7.58,6.23,2.49,9.77,4537,-2.19,6,NELLA_NORMA
GRR,WN,505,11.12,7.53,0.79,9.77,4537,1.35,7,NELLA_NORMA
GRR,F9,173,14.17,8.88,4.62,9.77,4537,4.4,8,NELLA_NORMA
GRR,OO,508,15.76,11.1,1.57,9.77,4537,5.99,9,NELLA_NORMA
GRR,MQ,186,15.83,14.1,3.23,9.77,4537,6.06,10,NELLA_NORMA
GRR,AA,625,21.0,16.32,1.12,9.77,4537,11.23,11,NELLA_NORMA
GSO,DL,623,3.2,-5.49,0.8,7.85,2967,-4.65,1,NELLA_NORMA
GSO,9E,385,3.64,-4.16,3.9,7.85,2967,-4.21,2,NELLA_NORMA
GSO,OO,234,4.26,2.58,0.43,7.85,2967,-3.59,3,NELLA_NORMA
GSO,OH,655,6.87,6.12,1.22,7.85,2967,-0.98,4,NELLA_NORMA
GSO,YX,393,7.56,3.63,3.56,7.85,2967,-0.29,5,NELLA_NORMA
GSO,MQ,315,8.3,4.78,0.0,7.85,2967,0.45,6,NELLA_NORMA
GSO,AA,331,19.28,15.31,1.81,7.85,2967,11.43,7,NELLA_NORMA
GSO,G4,31,79.67,82.97,3.23,7.85,2967,71.82,8,ANOMALO_PEGGIORE
GSP,UA,124,3.82,-2.09,2.42,10.31,4116,-6.49,1,NELLA_NORMA
GSP,YX,521,5.01,-0.29,1.34,10.31,4116,-5.3,2,NELLA_NORMA
GSP,DL,641,5.13,-2.93,0.31,10.31,4116,-5.18,3,NELLA_NORMA
GSP,WN,401,6.11,-1.53,0.25,10.31,4116,-4.2,4,NELLA_NORMA
GSP,9E,357,7.61,0.58,2.8,10.31,4116,-2.7,5,NELLA_NORMA
GSP,OO,232,9.04,6.6,2.59,10.31,4116,-1.27,6,NELLA_NORMA
GSP,MQ,422,9.91,7.07,0.71,10.31,4116,-0.4,7,NELLA_NORMA
GSP,OH,985,11.47,9.64,0.71,10.31,4116,1.16,8,NELLA_NORMA
GSP,G4,90,24.67,23.65,1.11,10.31,4116,14.36,9,NELLA_NORMA
GSP,AA,343,32.71,26.44,2.62,10.31,4116,22.4,10,ANOMALO_PEGGIORE
GST,AS,22,11.1,8.25,9.09,11.1,22,0.0,1,NELLA_NORMA
GTF,UA,68,2.72,-8.09,1.47,8.04,622,-5.32,1,NELLA_NORMA
GTF,OO,502,4.07,-0.86,0.6,8.04,622,-3.97,2,NELLA_NORMA
GTF,G4,52,53.88,52.35,1.92,8.04,622,45.84,3,ANOMALO_PEGGIORE
GTR,9E,190,-2.53,-8.17,0.53,-2.53,190,0.0,1,NELLA_NORMA
GUC,OO,167,11.94,2.81,0.6,17.1,199,-5.16,1,NELLA_NORMA
GUC,AA,32,43.84,47.31,0.0,17.1,199,26.74,2,ANOMALO_PEGGIORE
GUM,UA,188,-0.48,-11.02,1.06,-0.48,188,0.0,1,NELLA_NORMA
HDN,DL,27,6.67,12.96,0.0,13.01,617,-6.34,1,NELLA_NORMA
HDN,MQ,9,7.33,11.0,0.0,13.01,617,-5.68,2,NELLA_NORMA
HDN,OO,225,9.55,1.7,0.44,13.01,617,-3.46,3,NELLA_NORMA
HDN,AA,31,10.74,10.81,0.0,13.01,617,-2.27,4,NELLA_NORMA
HDN,WN,143,11.72,6.69,0.0,13.01,617,-1.29,5,NELLA_NORMA
HDN,UA,167,13.95,8.24,0.6,13.01,617,0.94,6,NELLA_NORMA
HDN,B6,15,86.13,90.87,0.0,13.01,617,73.12,7,ANOMALO_PEGGIORE
HGR,G4,70,14.45,10.23,1.43,14.45,70,0.0,1,NELLA_NORMA
HHH,MQ,277,8.96,6.35,2.53,16.36,470,-7.4,1,NELLA_NORMA
HHH,YX,193,26.94,22.05,2.07,16.36,470,10.58,2,NELLA_NORMA
HIB,OO,145,7.79,1.28,0.0,7.79,145,0.0,1,NELLA_NORMA
HLN,OO,397,6.94,2.2,0.25,6.94,397,0.0,1,NELLA_NORMA
HNL,WN,3698,2.68,-3.59,0.46,5.67,15453,-2.99,1,NELLA_NORMA
HNL,HA,7877,5.43,4.51,0.99,5.67,15453,-0.24,2,NELLA_NORMA
HNL,AA,602,6.32,-5.67,0.0,5.67,15453,0.65,3,NELLA_NORMA
HNL,DL,915,7.24,-4.94,0.33,5.67,15453,1.57,4,NELLA_NORMA
HNL,UA,1279,10.29,-2.23,1.25,5.67,15453,4.62,5,NELLA_NORMA
HNL,AS,1082,10.71,3.13,3.14,5.67,15453,5.04,6,NELLA_NORMA
HOB,OO,105,24.32,17.27,1.9,24.32,105,0.0,1,NELLA_NORMA
HOU,MQ,444,10.62,7.13,4.5,13.45,14139,-2.83,1,NELLA_NORMA
HOU,DL,378,10.76,5.63,0.53,13.45,14139,-2.69,2,NELLA_NORMA
HOU,OO,88,11.36,11.97,0.0,13.45,14139,-2.09,3,NELLA_NORMA
HOU,WN,13014,12.95,4.77,1.08,13.45,14139,-0.5,4,NELLA_NORMA
HOU,F9,95,47.71,42.71,5.26,13.45,14139,34.26,5,ANOMALO_PEGGIORE
HOU,G4,93,59.73,59.97,2.15,13.45,14139,46.28,6,ANOMALO_PEGGIORE
HOU,OH,27,66.15,44.19,0.0,13.45,14139,52.7,7,ANOMALO_PEGGIORE
HPN,YX,16,-1.63,-8.63,0.0,12.87,3110,-14.5,1,NELLA_NORMA
HPN,MQ,300,5.62,-0.7,2.0,12.87,3110,-7.25,2,NELLA_NORMA
HPN,B6,1367,7.73,1.71,1.61,12.87,3110,-5.14,3,NELLA_NORMA
HPN,DL,236,13.29,1.71,1.27,12.87,3110,0.42,4,NELLA_NORMA
HPN,9E,231,13.89,5.24,1.73,12.87,3110,1.02,5,NELLA_NORMA
HPN,OH,696,15.12,11.27,2.73,12.87,3110,2.25,6,NELLA_NORMA
HPN,OO,264,41.89,35.22,3.03,12.87,3110,29.02,7,ANOMALO_PEGGIORE
HRL,DL,65,0.51,-11.38,0.0,6.94,1059,-6.43,1,NELLA_NORMA
HRL,MQ,382,4.91,3.35,1.31,6.94,1059,-2.03,2,NELLA_NORMA
HRL,WN,561,8.86,6.02,1.07,6.94,1059,1.92,3,NELLA_NORMA
HRL,OO,51,9.16,5.39,0.0,6.94,1059,2.22,4,NELLA_NORMA
HSV,YX,65,0.72,-0.45,1.54,13.68,2218,-12.96,1,NELLA_NORMA
HSV,DL,493,2.91,-5.31,0.41,13.68,2218,-10.77,2,NELLA_NORMA
HSV,9E,131,7.61,2.02,2.29,13.68,2218,-6.07,3,NELLA_NORMA
HSV,OO,463,15.3,11.28,0.86,13.68,2218,1.62,4,NELLA_NORMA
HSV,MQ,446,18.45,14.48,2.02,13.68,2218,4.77,5,NELLA_NORMA
HSV,AA,2,19.5,19.0,0.0,13.68,2218,5.82,6,NELLA_NORMA
HSV,OH,618,20.4,17.55,2.27,13.68,2218,6.72,7,NELLA_NORMA
HTS,G4,104,38.05,36.57,3.85,38.05,104,0.0,1,NELLA_NORMA
HYA,YX,37,8.56,14.97,2.7,41.06,66,-32.5,1,ANOMALO_MIGLIORE
HYA,B6,29,86.08,90.46,10.34,41.06,66,45.02,2,ANOMALO_PEGGIORE
HYS,OO,151,14.34,8.09,1.32,14.34,151,0.0,1,NELLA_NORMA
IAD,MQ,9,-1.75,-1.88,11.11,9.95,13205,-11.7,1,NELLA_NORMA
IAD,9E,88,3.76,-5.35,0.0,9.95,13205,-6.19,2,NELLA_NORMA
IAD,YX,2039,4.34,-1.75,0.98,9.95,13205,-5.61,3,NELLA_NORMA
IAD,AS,539,8.5,4.22,1.11,9.95,13205,-1.45,4,NELLA_NORMA
IAD,UA,8037,9.59,3.02,1.57,9.95,13205,-0.36,5,NELLA_NORMA
IAD,WN,273,10.62,2.34,0.0,9.95,13205,0.67,6,NELLA_NORMA
IAD,AA,189,11.85,2.02,0.0,9.95,13205,1.9,7,NELLA_NORMA
IAD,DL,821,14.14,3.19,1.1,9.95,13205,4.19,8,NELLA_NORMA
IAD,OO,676,17.36,11.66,1.18,9.95,13205,7.41,9,NELLA_NORMA
IAD,OH,430,17.81,9.47,1.4,9.95,13205,7.86,10,NELLA_NORMA
IAD,F9,24,28.42,24.04,0.0,9.95,13205,18.47,11,ANOMALO_PEGGIORE
IAD,G4,80,46.09,37.1,1.25,9.95,13205,36.14,12,ANOMALO_PEGGIORE
IAG,G4,106,19.82,15.61,1.89,19.82,106,0.0,1,NELLA_NORMA
IAH,YX,10,-5.8,-15.9,0.0,17.51,29086,-23.31,1,ANOMALO_MIGLIORE
IAH,AS,239,10.34,5.62,2.51,17.51,29086,-7.17,2,NELLA_NORMA
IAH,WN,769,11.76,5.93,2.21,17.51,29086,-5.75,3,NELLA_NORMA
IAH,DL,1987,13.37,5.55,1.11,17.51,29086,-4.14,4,NELLA_NORMA
IAH,MQ,362,15.48,8.83,3.59,17.51,29086,-2.03,5,NELLA_NORMA
IAH,NK,2395,15.65,8.91,1.88,17.51,29086,-1.86,6,NELLA_NORMA
IAH,OH,13,16.23,24.0,0.0,17.51,29086,-1.28,7,NELLA_NORMA
IAH,UA,17227,17.43,12.11,1.79,17.51,29086,-0.08,8,NELLA_NORMA
IAH,OO,3278,17.9,13.07,2.35,17.51,29086,0.39,9,NELLA_NORMA
IAH,AA,1727,22.56,17.84,2.43,17.51,29086,5.05,10,NELLA_NORMA
IAH,B6,183,27.02,20.96,2.19,17.51,29086,9.51,11,NELLA_NORMA
IAH,F9,896,28.27,27.17,2.46,17.51,29086,10.76,12,NELLA_NORMA
ICT,WN,469,1.05,-5.84,0.43,9.94,2602,-8.89,1,NELLA_NORMA
ICT,G4,85,3.91,-3.89,0.0,9.94,2602,-6.03,2,NELLA_NORMA
ICT,9E,33,4.94,3.55,0.0,9.94,2602,-5.0,3,NELLA_NORMA
ICT,UA,136,5.63,7.93,0.0,9.94,2602,-4.31,4,NELLA_NORMA
ICT,DL,232,9.0,2.6,1.29,9.94,2602,-0.94,5,NELLA_NORMA
ICT,OO,844,10.08,6.02,0.59,9.94,2602,0.14,6,NELLA_NORMA
ICT,MQ,595,11.99,8.22,2.18,9.94,2602,2.05,7,NELLA_NORMA
ICT,OH,69,27.84,29.65,0.0,9.94,2602,17.9,8,ANOMALO_PEGGIORE
ICT,AA,139,32.99,31.28,3.6,9.94,2602,23.05,9,ANOMALO_PEGGIORE
IDA,DL,25,1.8,4.44,0.0,8.85,851,-7.05,1,NELLA_NORMA
IDA,OO,700,6.14,-0.33,1.0,8.85,851,-2.71,2,NELLA_NORMA
IDA,G4,126,25.17,24.33,0.0,8.85,851,16.32,3,ANOMALO_PEGGIORE
ILM,YX,312,5.56,4.23,2.88,9.71,1954,-4.15,1,NELLA_NORMA
ILM,OH,498,7.26,5.15,1.81,9.71,1954,-2.45,2,NELLA_NORMA
ILM,9E,319,8.21,3.22,0.63,9.71,1954,-1.5,3,NELLA_NORMA
ILM,MQ,263,9.78,6.97,0.76,9.71,1954,0.07,4,NELLA_NORMA
ILM,DL,198,13.99,6.56,1.52,9.71,1954,4.28,5,NELLA_NORMA
ILM,AA,356,15.41,10.88,3.37,9.71,1954,5.7,6,NELLA_NORMA
ILM,OO,8,23.88,17.25,0.0,9.71,1954,14.17,7,NELLA_NORMA
IMT,OO,199,12.33,3.52,0.0,12.33,199,0.0,1,NELLA_NORMA
IND,YX,3186,1.55,-3.03,1.13,9.58,12022,-8.03,1,NELLA_NORMA
IND,9E,613,5.66,-1.52,1.63,9.58,12022,-3.92,2,NELLA_NORMA
IND,OH,78,9.35,6.08,0.0,9.58,12022,-0.23,3,NELLA_NORMA
IND,UA,638,9.99,4.58,1.72,9.58,12022,0.41,4,NELLA_NORMA
IND,DL,1083,10.55,3.25,0.46,9.58,12022,0.97,5,NELLA_NORMA
IND,MQ,288,10.87,6.83,2.08,9.58,12022,1.29,6,NELLA_NORMA
IND,WN,2863,11.31,4.14,0.84,9.58,12022,1.73,7,NELLA_NORMA
IND,AS,132,11.65,8.13,1.52,9.58,12022,2.07,8,NELLA_NORMA
IND,NK,577,14.83,7.72,2.08,9.58,12022,5.25,9,NELLA_NORMA
IND,AA,1678,15.1,11.07,1.31,9.58,12022,5.52,10,NELLA_NORMA
IND,G4,389,16.94,14.98,1.29,9.58,12022,7.36,11,NELLA_NORMA
IND,F9,209,18.76,13.53,1.44,9.58,12022,9.18,12,NELLA_NORMA
IND,OO,288,23.49,17.67,0.35,9.58,12022,13.91,13,NELLA_NORMA
INL,OO,154,30.87,26.56,1.3,30.87,154,0.0,1,NELLA_NORMA
ISP,B6,34,3.47,2.12,0.0,14.75,1229,-11.28,1,NELLA_NORMA
ISP,WN,757,12.47,2.95,1.19,14.75,1229,-2.28,2,NELLA_NORMA
ISP,F9,438,19.64,10.02,2.51,14.75,1229,4.89,3,NELLA_NORMA
ITH,YX,20,0.1,-14.55,0.0,6.46,199,-6.36,1,NELLA_NORMA
ITH,9E,179,7.18,-5.15,1.12,6.46,199,0.72,2,NELLA_NORMA
ITO,WN,457,-2.91,-5.43,0.44,2.11,1667,-5.02,1,NELLA_NORMA
ITO,HA,1210,4.01,4.25,0.91,2.11,1667,1.9,2,NELLA_NORMA
JAC,AS,11,6.2,9.2,9.09,22.47,1376,-16.27,1,ANOMALO_MIGLIORE
JAC,UA,484,13.96,7.32,1.86,22.47,1376,-8.51,2,NELLA_NORMA
JAC,OO,314,15.49,10.57,0.96,22.47,1376,-6.98,3,NELLA_NORMA
JAC,DL,312,16.7,7.66,0.32,22.47,1376,-5.77,4,NELLA_NORMA
JAC,AA,255,54.66,49.92,0.39,22.47,1376,32.19,5,ANOMALO_PEGGIORE
JAN,9E,62,-0.85,-2.64,1.61,9.39,1724,-10.24,1,NELLA_NORMA
JAN,DL,470,2.93,-3.84,0.64,9.39,1724,-6.46,2,NELLA_NORMA
JAN,WN,439,9.89,4.0,0.68,9.39,1724,0.5,3,NELLA_NORMA
JAN,OO,126,11.32,12.1,0.79,9.39,1724,1.93,4,NELLA_NORMA
JAN,OH,343,12.71,8.86,1.75,9.39,1724,3.32,5,NELLA_NORMA
JAN,MQ,284,16.89,13.63,2.82,9.39,1724,7.5,6,NELLA_NORMA
JAX,9E,233,4.09,-3.91,2.58,11.88,7572,-7.79,1,NELLA_NORMA
JAX,MQ,306,7.09,4.23,1.63,11.88,7572,-4.79,2,NELLA_NORMA
JAX,OO,37,7.35,2.73,0.0,11.88,7572,-4.53,3,NELLA_NORMA
JAX,YX,413,8.05,2.9,1.94,11.88,7572,-3.83,4,NELLA_NORMA
JAX,WN,1208,8.3,2.3,0.75,11.88,7572,-3.58,5,NELLA_NORMA
JAX,UA,934,8.51,3.76,1.61,11.88,7572,-3.37,6,NELLA_NORMA
JAX,OH,276,10.84,6.63,2.54,11.88,7572,-1.04,7,NELLA_NORMA
JAX,DL,1478,11.03,5.27,1.42,11.88,7572,-0.85,8,NELLA_NORMA
JAX,B6,442,13.11,9.34,2.94,11.88,7572,1.23,9,NELLA_NORMA
JAX,G4,183,16.72,13.55,2.19,11.88,7572,4.84,10,NELLA_NORMA
JAX,F9,218,17.04,15.88,1.38,11.88,7572,5.16,11,NELLA_NORMA
JAX,AA,1844,18.21,15.28,2.66,11.88,7572,6.33,12,NELLA_NORMA
JFK,YX,4195,3.91,-2.94,2.38,12.6,30910,-8.69,1,NELLA_NORMA
JFK,AS,940,6.09,-2.33,2.13,12.6,30910,-6.51,2,NELLA_NORMA
JFK,9E,4251,8.67,1.74,3.48,12.6,30910,-3.93,3,NELLA_NORMA
JFK,F9,190,10.58,5.13,0.0,12.6,30910,-2.02,4,NELLA_NORMA
JFK,AA,3707,11.83,0.58,1.19,12.6,30910,-0.77,5,NELLA_NORMA
JFK,DL,7647,13.02,2.16,0.68,12.6,30910,0.42,6,NELLA_NORMA
JFK,HA,104,18.17,12.82,1.92,12.6,30910,5.57,7,NELLA_NORMA
JFK,B6,9114,18.27,10.09,1.9,12.6,30910,5.67,8,NELLA_NORMA
JFK,OO,762,21.41,13.41,3.54,12.6,30910,8.81,9,NELLA_NORMA
JLN,OO,175,24.29,16.91,2.29,24.29,175,0.0,1,NELLA_NORMA
JMS,OO,155,14.87,11.83,7.74,14.87,155,0.0,1,NELLA_NORMA
JNU,AS,1130,1.22,0.27,1.77,1.84,1170,-0.62,1,NELLA_NORMA
JNU,DL,40,18.83,12.55,0.0,1.84,1170,16.99,2,ANOMALO_PEGGIORE
JST,OO,176,17.78,11.08,2.27,17.78,176,0.0,1,NELLA_NORMA
KOA,WN,868,-1.06,-6.52,0.69,3.24,4195,-4.3,1,NELLA_NORMA
KOA,UA,408,2.66,-7.89,2.21,3.24,4195,-0.58,2,NELLA_NORMA
KOA,HA,1979,3.15,2.9,0.81,3.24,4195,-0.09,3,NELLA_NORMA
KOA,AA,201,4.05,-5.43,0.0,3.24,4195,0.81,4,NELLA_NORMA
KOA,DL,211,7.21,-3.27,0.95,3.24,4195,3.97,5,NELLA_NORMA
KOA,AS,528,9.41,1.85,3.79,3.24,4195,6.17,6,NELLA_NORMA
KTN,AS,609,-0.27,-3.71,2.3,0.13,634,-0.4,1,NELLA_NORMA
KTN,OO,25,9.6,13.24,0.0,0.13,634,9.47,2,NELLA_NORMA
LAN,9E,32,12.25,7.5,0.0,18.29,312,-6.04,1,NELLA_NORMA
LAN,OO,201,17.31,14.07,0.5,18.29,312,-0.98,2,NELLA_NORMA
LAN,OH,79,23.51,23.31,5.06,18.29,312,5.22,3,NELLA_NORMA
LAR,OO,162,17.74,14.42,3.7,17.74,162,0.0,1,NELLA_NORMA
LAS,G4,1888,8.79,3.66,0.58,12.46,47376,-3.67,1,NELLA_NORMA
LAS,AS,1432,8.99,7.14,2.51,12.46,47376,-3.47,2,NELLA_NORMA
LAS,DL,4088,9.0,1.18,0.91,12.46,47376,-3.46,3,NELLA_NORMA
LAS,UA,3579,9.6,3.94,1.82,12.46,47376,-2.86,4,NELLA_NORMA
LAS,NK,6584,10.33,4.35,0.96,12.46,47376,-2.13,5,NELLA_NORMA
LAS,HA,371,13.31,11.36,0.54,12.46,47376,0.85,6,NELLA_NORMA
LAS,WN,21365,13.48,5.42,0.55,12.46,47376,1.02,7,NELLA_NORMA
LAS,F9,3250,14.6,11.06,1.42,12.46,47376,2.14,8,NELLA_NORMA
LAS,OO,572,14.98,17.98,1.75,12.46,47376,2.52,9,NELLA_NORMA
LAS,B6,769,16.54,6.81,0.78,12.46,47376,4.08,10,NELLA_NORMA
LAS,AA,3471,16.99,9.07,0.98,12.46,47376,4.53,11,NELLA_NORMA
LAS,MQ,7,131.0,119.29,0.0,12.46,47376,118.54,12,ANOMALO_PEGGIORE
LAW,MQ,32,5.61,-2.42,3.13,8.62,286,-3.01,1,NELLA_NORMA
LAW,OO,254,9.0,7.06,3.15,8.62,286,0.38,2,NELLA_NORMA
LAX,AS,2339,5.2,1.49,2.05,10.42,48475,-5.22,1,NELLA_NORMA
LAX,OO,9590,6.09,3.9,0.32,10.42,48475,-4.33,2,NELLA_NORMA
LAX,B6,2258,8.21,0.24,0.35,10.42,48475,-2.21,3,NELLA_NORMA
LAX,UA,6904,8.91,0.97,1.56,10.42,48475,-1.51,4,NELLA_NORMA
LAX,DL,8997,9.03,2.68,0.62,10.42,48475,-1.39,5,NELLA_NORMA
LAX,NK,2855,11.75,4.32,1.3,10.42,48475,1.33,6,NELLA_NORMA
LAX,WN,6433,11.85,4.84,0.33,10.42,48475,1.43,7,NELLA_NORMA
LAX,HA,592,15.32,11.39,1.35,10.42,48475,4.9,8,NELLA_NORMA
LAX,G4,268,16.35,13.17,1.87,10.42,48475,5.93,9,NELLA_NORMA
LAX,AA,7631,17.45,10.23,0.63,10.42,48475,7.03,10,NELLA_NORMA
LAX,MQ,17,21.35,21.35,0.0,10.42,48475,10.93,11,NELLA_NORMA
LAX,F9,591,27.65,27.94,2.03,10.42,48475,17.23,12,ANOMALO_PEGGIORE
LBB,WN,682,5.5,-1.97,0.73,8.72,1548,-3.22,1,NELLA_NORMA
LBB,OO,292,8.26,5.7,3.42,8.72,1548,-0.46,2,NELLA_NORMA
LBB,MQ,479,12.31,10.61,1.67,8.72,1548,3.59,3,NELLA_NORMA
LBB,AA,95,15.17,13.34,0.0,8.72,1548,6.45,4,NELLA_NORMA
LBE,NK,143,3.83,-5.19,2.8,3.83,143,0.0,1,NELLA_NORMA
LBF,OO,158,2.55,2.9,1.9,2.55,158,0.0,1,NELLA_NORMA
LBL,OO,151,6.7,3.14,5.3,6.7,151,0.0,1,NELLA_NORMA
LCH,OO,266,9.6,5.5,1.88,14.95,290,-5.35,1,NELLA_NORMA
LCH,MQ,24,75.65,74.87,4.17,14.95,290,60.7,2,ANOMALO_PEGGIORE
LCK,G4,244,12.49,9.38,2.46,12.49,244,0.0,1,NELLA_NORMA
LEX,DL,512,3.04,-9.45,0.78,9.87,2301,-6.83,1,NELLA_NORMA
LEX,YX,191,3.63,1.23,1.57,9.87,2301,-6.24,2,NELLA_NORMA
LEX,9E,53,5.68,1.45,0.0,9.87,2301,-4.19,3,NELLA_NORMA
LEX,OO,451,7.23,2.42,0.67,9.87,2301,-2.64,4,NELLA_NORMA
LEX,MQ,257,7.39,0.61,0.78,9.87,2301,-2.48,5,NELLA_NORMA
LEX,OH,385,12.38,7.53,1.82,9.87,2301,2.51,6,NELLA_NORMA
LEX,G4,203,19.88,16.8,1.48,9.87,2301,10.01,7,NELLA_NORMA
LEX,AA,249,25.42,23.3,3.61,9.87,2301,15.55,8,ANOMALO_PEGGIORE
LFT,9E,179,9.03,4.57,0.0,19.18,839,-10.15,1,NELLA_NORMA
LFT,OO,265,13.07,6.88,1.89,19.18,839,-6.11,2,NELLA_NORMA
LFT,MQ,104,16.37,12.73,2.88,19.18,839,-2.81,3,NELLA_NORMA
LFT,OH,291,32.09,30.94,1.72,19.18,839,12.91,4,NELLA_NORMA
LGA,YX,10543,2.98,-4.4,2.17,10.62,40718,-7.64,1,NELLA_NORMA
LGA,9E,8109,6.93,-3.04,3.56,10.62,40718,-3.69,2,NELLA_NORMA
LGA,UA,2092,10.85,3.11,2.06,10.62,40718,0.23,3,NELLA_NORMA
LGA,NK,2029,11.73,1.56,2.27,10.62,40718,1.11,4,NELLA_NORMA
LGA,DL,6813,14.36,4.01,1.29,10.62,40718,3.74,5,NELLA_NORMA
LGA,WN,2873,14.79,2.07,1.84,10.62,40718,4.17,6,NELLA_NORMA
LGA,AA,4208,16.96,9.29,2.07,10.62,40718,6.34,7,NELLA_NORMA
LGA,B6,2392,17.52,9.32,2.13,10.62,40718,6.9,8,NELLA_NORMA
LGA,OO,1027,22.18,15.17,1.75,10.62,40718,11.56,9,NELLA_NORMA
LGA,F9,632,33.42,26.33,2.53,10.62,40718,22.8,10,ANOMALO_PEGGIORE
LGB,HA,156,-2.22,-7.75,0.0,6.95,4327,-9.17,1,NELLA_NORMA
LGB,OO,147,3.0,-3.27,0.0,6.95,4327,-3.95,2,NELLA_NORMA
LGB,WN,3917,7.18,0.01,0.51,6.95,4327,0.23,3,NELLA_NORMA
LGB,DL,107,17.67,9.67,0.93,6.95,4327,10.72,4,NELLA_NORMA
LIH,DL,193,0.44,-13.95,2.07,3.79,4004,-3.35,1,NELLA_NORMA
LIH,WN,837,1.08,-5.31,0.0,3.79,4004,-2.71,2,NELLA_NORMA
LIH,UA,321,2.0,-8.94,0.93,3.79,4004,-1.79,3,NELLA_NORMA
LIH,HA,2160,3.46,2.27,1.2,3.79,4004,-0.33,4,NELLA_NORMA
LIH,AS,275,12.08,4.95,0.36,3.79,4004,8.29,5,NELLA_NORMA
LIH,AA,218,12.48,2.24,0.0,3.79,4004,8.69,6,NELLA_NORMA
LIT,DL,555,5.62,-1.05,1.44,12.5,3160,-6.88,1,NELLA_NORMA
LIT,WN,670,6.11,-0.58,0.45,12.5,3160,-6.39,2,NELLA_NORMA
LIT,YX,130,7.48,5.16,0.77,12.5,3160,-5.02,3,NELLA_NORMA
LIT,F9,31,9.77,8.67,3.23,12.5,3160,-2.73,4,NELLA_NORMA
LIT,9E,78,11.57,8.09,2.56,12.5,3160,-0.93,5,NELLA_NORMA
LIT,OO,421,14.73,11.92,1.19,12.5,3160,2.23,6,NELLA_NORMA
LIT,MQ,865,15.46,14.17,0.69,12.5,3160,2.96,7,NELLA_NORMA
LIT,OH,184,20.9,17.15,2.17,12.5,3160,8.4,8,NELLA_NORMA
LIT,AA,202,28.08,27.56,1.49,12.5,3160,15.58,9,ANOMALO_PEGGIORE
LIT,G4,24,43.25,40.13,0.0,12.5,3160,30.75,10,ANOMALO_PEGGIORE
LNK,YX,10,-2.89,-5.22,10.0,20.41,441,-23.3,1,ANOMALO_MIGLIORE
LNK,OO,431,20.9,16.03,0.46,20.41,441,0.49,2,NELLA_NORMA
LRD,OO,21,1.9,1.57,0.0,12.69,441,-10.79,1,NELLA_NORMA
LRD,MQ,392,9.89,8.03,2.3,12.69,441,-2.8,2,NELLA_NORMA
LRD,G4,28,59.0,54.39,0.0,12.69,441,46.31,3,ANOMALO_PEGGIORE
LSE,MQ,87,4.74,0.56,1.15,4.74,87,0.0,1,NELLA_NORMA
LWS,OO,250,7.17,2.63,0.8,7.17,250,0.0,1,NELLA_NORMA
MAF,UA,12,-3.33,0.33,0.0,8.08,2393,-11.41,1,NELLA_NORMA
MAF,OO,771,6.31,2.77,1.69,8.08,2393,-1.77,2,NELLA_NORMA
MAF,WN,993,6.45,1.61,0.5,8.08,2393,-1.63,3,NELLA_NORMA
MAF,MQ,617,13.15,10.92,1.13,8.08,2393,5.07,4,NELLA_NORMA
MBS,9E,16,-4.06,-9.13,0.0,13.37,599,-17.43,1,ANOMALO_MIGLIORE
MBS,OO,583,13.86,9.53,1.03,13.37,599,0.49,2,NELLA_NORMA
MCI,AS,209,-0.58,-1.04,1.44,9.54,12600,-10.12,1,NELLA_NORMA
MCI,YX,429,3.35,-0.55,2.1,9.54,12600,-6.19,2,NELLA_NORMA
MCI,MQ,318,3.9,-1.1,1.89,9.54,12600,-5.64,3,NELLA_NORMA
MCI,UA,920,5.1,2.14,0.98,9.54,12600,-4.44,4,NELLA_NORMA
MCI,DL,1767,7.03,0.11,0.85,9.54,12600,-2.51,5,NELLA_NORMA
MCI,G4,57,8.81,5.77,0.0,9.54,12600,-0.73,6,NELLA_NORMA
MCI,WN,6162,9.62,3.33,0.81,9.54,12600,0.08,7,NELLA_NORMA
MCI,OO,268,13.15,11.13,2.99,9.54,12600,3.61,8,NELLA_NORMA
MCI,AA,1435,13.47,12.27,1.67,9.54,12600,3.93,9,NELLA_NORMA
MCI,9E,315,13.77,6.85,4.76,9.54,12600,4.23,10,NELLA_NORMA
MCI,NK,445,15.84,6.96,3.6,9.54,12600,6.3,11,NELLA_NORMA
MCI,F9,100,18.2,17.53,1.0,9.54,12600,8.66,12,NELLA_NORMA
MCI,B6,45,21.86,21.93,2.22,9.54,12600,12.32,13,NELLA_NORMA
MCI,OH,130,30.38,26.59,4.62,9.54,12600,20.84,14,ANOMALO_PEGGIORE
MCO,UA,3475,12.36,6.29,2.76,15.96,39992,-3.6,1,NELLA_NORMA
MCO,F9,4439,13.72,9.45,2.1,15.96,39992,-2.24,2,NELLA_NORMA
MCO,NK,5850,15.02,9.76,1.93,15.96,39992,-0.94,3,NELLA_NORMA
MCO,WN,11104,15.28,9.52,1.27,15.96,39992,-0.68,4,NELLA_NORMA
MCO,DL,5463,15.46,9.77,1.67,15.96,39992,-0.5,5,NELLA_NORMA
MCO,AS,694,17.6,14.15,3.17,15.96,39992,1.64,6,NELLA_NORMA
MCO,AA,4453,18.34,14.57,1.86,15.96,39992,2.38,7,NELLA_NORMA
MCO,B6,4464,21.4,15.73,1.77,15.96,39992,5.44,8,NELLA_NORMA
MCO,G4,50,58.37,55.1,2.0,15.96,39992,42.41,9,ANOMALO_PEGGIORE
MCW,OO,156,26.95,23.05,4.49,26.95,156,0.0,1,NELLA_NORMA
MDT,YX,77,-0.12,-9.47,1.3,16.19,1370,-16.31,1,ANOMALO_MIGLIORE
MDT,UA,90,4.19,1.62,0.0,16.19,1370,-12.0,2,NELLA_NORMA
MDT,DL,198,7.16,-3.06,1.01,16.19,1370,-9.03,3,NELLA_NORMA
MDT,9E,69,10.96,-0.35,0.0,16.19,1370,-5.23,4,NELLA_NORMA
MDT,G4,232,16.89,9.66,2.16,16.19,1370,0.7,5,NELLA_NORMA
MDT,OO,246,18.09,11.56,0.0,16.19,1370,1.9,6,NELLA_NORMA
MDT,OH,168,22.45,19.11,1.19,16.19,1370,6.26,7,NELLA_NORMA
MDT,AA,275,23.99,19.03,1.45,16.19,1370,7.8,8,NELLA_NORMA
MDT,F9,15,60.53,47.07,0.0,16.19,1370,44.34,9,ANOMALO_PEGGIORE
MDW,DL,387,9.48,2.06,0.52,12.7,19773,-3.22,1,NELLA_NORMA
MDW,WN,17790,12.26,5.59,1.07,12.7,19773,-0.44,2,NELLA_NORMA
MDW,OO,514,14.16,10.75,0.78,12.7,19773,1.46,3,NELLA_NORMA
MDW,F9,985,19.9,13.27,2.23,12.7,19773,7.2,4,NELLA_NORMA
MDW,G4,97,26.2,22.55,2.06,12.7,19773,13.5,5,NELLA_NORMA
MEI,OO,141,5.51,3.23,2.84,5.51,141,0.0,1,NELLA_NORMA
MEM,UA,387,4.85,3.21,0.78,10.67,5765,-5.82,1,NELLA_NORMA
MEM,MQ,377,5.47,0.7,0.8,10.67,5765,-5.2,2,NELLA_NORMA
MEM,DL,1151,6.77,-0.62,0.87,10.67,5765,-3.9,3,NELLA_NORMA
MEM,OH,188,6.95,2.09,1.6,10.67,5765,-3.72,4,NELLA_NORMA
MEM,YX,771,9.35,3.34,1.82,10.67,5765,-1.32,5,NELLA_NORMA
MEM,9E,259,10.48,3.68,2.32,10.67,5765,-0.19,6,NELLA_NORMA
MEM,WN,932,11.53,5.45,0.54,10.67,5765,0.86,7,NELLA_NORMA
MEM,OO,199,11.8,6.23,1.51,10.67,5765,1.13,8,NELLA_NORMA
MEM,NK,242,13.91,3.3,0.83,10.67,5765,3.24,9,NELLA_NORMA
MEM,AA,1073,15.25,11.41,1.12,10.67,5765,4.58,10,NELLA_NORMA
MEM,F9,52,17.37,17.16,1.92,10.67,5765,6.7,11,NELLA_NORMA
MEM,G4,134,35.75,29.5,0.75,10.67,5765,25.08,12,ANOMALO_PEGGIORE
MFE,UA,145,-0.22,-7.3,4.83,17.54,1234,-17.76,1,ANOMALO_MIGLIORE
MFE,MQ,207,9.22,9.16,0.48,17.54,1234,-8.32,2,NELLA_NORMA
MFE,G4,135,18.57,13.01,0.74,17.54,1234,1.03,3,NELLA_NORMA
MFE,OO,270,20.52,18.78,1.11,17.54,1234,2.98,4,NELLA_NORMA
MFE,AA,477,24.44,22.51,1.68,17.54,1234,6.9,5,NELLA_NORMA
MFR,OO,687,5.38,0.71,0.73,9.36,1062,-3.98,1,NELLA_NORMA
MFR,UA,291,13.23,6.69,1.37,9.36,1062,3.87,2,NELLA_NORMA
MFR,G4,84,28.7,26.4,1.19,9.36,1062,19.34,3,ANOMALO_PEGGIORE
MGM,MQ,149,2.3,-3.81,0.0,13.98,672,-11.68,1,NELLA_NORMA
MGM,9E,239,11.59,7.28,0.0,13.98,672,-2.39,2,NELLA_NORMA
MGM,OO,160,16.62,11.57,0.63,13.98,672,2.64,3,NELLA_NORMA
MGM,OH,124,30.16,29.43,5.65,13.98,672,16.18,4,ANOMALO_PEGGIORE
MGW,OO,7,119.43,118.57,0.0,119.43,7,0.0,1,NELLA_NORMA
MHK,OO,1,3.0,-10.0,0.0,3.78,244,-0.78,1,NELLA_NORMA
MHK,MQ,243,3.78,-7.81,2.47,3.78,244,0.0,2,NELLA_NORMA
MHT,YX,18,-7.5,-6.33,0.0,8.35,1420,-15.85,1,ANOMALO_MIGLIORE
MHT,MQ,77,0.35,-0.7,0.0,8.35,1420,-8.0,2,NELLA_NORMA
MHT,WN,711,7.49,-0.86,0.7,8.35,1420,-0.86,3,NELLA_NORMA
MHT,OH,547,10.26,5.07,2.01,8.35,1420,1.91,4,NELLA_NORMA
MHT,AA,36,11.33,6.22,0.0,8.35,1420,2.98,5,NELLA_NORMA
MHT,NK,31,21.1,8.7,3.23,8.35,1420,12.75,6,NELLA_NORMA
MIA,MQ,3474,7.36,5.06,1.5,19.24,27526,-11.88,1,NELLA_NORMA
MIA,NK,1395,11.14,6.16,2.37,19.24,27526,-8.1,2,NELLA_NORMA
MIA,YX,151,13.29,7.32,0.66,19.24,27526,-5.95,3,NELLA_NORMA
MIA,UA,1613,14.85,10.14,3.1,19.24,27526,-4.39,4,NELLA_NORMA
MIA,WN,1351,15.66,11.41,1.63,19.24,27526,-3.58,5,NELLA_NORMA
MIA,F9,945,16.83,13.87,1.9,19.24,27526,-2.41,6,NELLA_NORMA
MIA,AS,141,18.91,17.87,4.96,19.24,27526,-0.33,7,NELLA_NORMA
MIA,9E,6,20.0,20.67,0.0,19.24,27526,0.76,8,NELLA_NORMA
MIA,DL,2848,20.14,13.79,1.09,19.24,27526,0.9,9,NELLA_NORMA
MIA,AA,15127,23.17,17.13,1.61,19.24,27526,3.93,10,NELLA_NORMA
MIA,B6,475,30.55,26.37,1.68,19.24,27526,11.31,11,NELLA_NORMA
MKE,AS,118,1.42,-4.11,0.85,10.46,7211,-9.04,1,NELLA_NORMA
MKE,YX,483,5.15,-1.29,2.07,10.46,7211,-5.31,2,NELLA_NORMA
MKE,OH,244,7.25,6.17,2.05,10.46,7211,-3.21,3,NELLA_NORMA
MKE,WN,2398,7.3,0.54,0.83,10.46,7211,-3.16,4,NELLA_NORMA
MKE,DL,1087,8.87,2.72,0.74,10.46,7211,-1.59,5,NELLA_NORMA
MKE,MQ,12,9.42,11.0,0.0,10.46,7211,-1.04,6,NELLA_NORMA
MKE,NK,185,11.53,5.04,1.62,10.46,7211,1.07,7,NELLA_NORMA
MKE,UA,183,11.86,5.85,1.09,10.46,7211,1.4,8,NELLA_NORMA
MKE,B6,133,11.91,5.83,2.26,10.46,7211,1.45,9,NELLA_NORMA
MKE,OO,1313,13.17,9.03,1.29,10.46,7211,2.71,10,NELLA_NORMA
MKE,9E,242,16.54,10.52,2.07,10.46,7211,6.08,11,NELLA_NORMA
MKE,F9,142,17.07,10.02,0.0,10.46,7211,6.61,12,NELLA_NORMA
MKE,AA,671,21.09,16.7,1.19,10.46,7211,10.63,13,NELLA_NORMA
MLB,DL,337,3.67,-2.32,2.08,5.69,690,-2.02,1,NELLA_NORMA
MLB,OH,280,6.36,4.56,1.79,5.69,690,0.67,2,NELLA_NORMA
MLB,G4,73,12.65,6.36,5.48,5.69,690,6.96,3,NELLA_NORMA
MLI,9E,185,7.12,0.76,0.54,12.52,1102,-5.4,1,NELLA_NORMA
MLI,OH,185,11.43,8.05,2.16,12.52,1102,-1.09,2,NELLA_NORMA
MLI,G4,123,12.18,3.4,1.63,12.52,1102,-0.34,3,NELLA_NORMA
MLI,MQ,204,14.26,5.69,3.43,12.52,1102,1.74,4,NELLA_NORMA
MLI,OO,405,14.75,11.08,1.48,12.52,1102,2.23,5,NELLA_NORMA
MLU,9E,201,6.79,3.72,0.5,9.56,495,-2.77,1,NELLA_NORMA
MLU,MQ,234,8.9,5.88,2.14,9.56,495,-0.66,2,NELLA_NORMA
MLU,OO,60,21.33,22.58,0.0,9.56,495,11.77,3,NELLA_NORMA
MOB,9E,169,4.98,1.61,1.78,7.6,644,-2.62,1,NELLA_NORMA
MOB,MQ,261,6.87,4.1,0.77,7.6,644,-0.73,2,NELLA_NORMA
MOB,DL,151,8.63,1.87,0.66,7.6,644,1.03,3,NELLA_NORMA
MOB,OO,54,10.26,4.39,0.0,7.6,644,2.66,4,NELLA_NORMA
MOB,OH,9,47.88,44.38,11.11,7.6,644,40.28,5,ANOMALO_PEGGIORE
MOT,OO,542,17.5,12.32,1.29,18.26,644,-0.76,1,NELLA_NORMA
MOT,G4,102,22.24,14.46,0.0,18.26,644,3.98,2,NELLA_NORMA
MQT,OO,51,-2.88,-8.53,0.0,6.09,228,-8.97,1,NELLA_NORMA
MQT,9E,29,-0.93,-17.48,0.0,6.09,228,-7.02,2,NELLA_NORMA
MQT,MQ,148,10.55,6.99,0.0,6.09,228,4.46,3,NELLA_NORMA
MRY,MQ,105,3.98,0.65,0.0,9.46,1156,-5.48,1,NELLA_NORMA
MRY,OO,854,7.21,5.08,0.82,9.46,1156,-2.25,2,NELLA_NORMA
MRY,AA,166,13.31,9.15,2.41,9.46,1156,3.85,3,NELLA_NORMA
MRY,G4,31,69.52,71.45,0.0,9.46,1156,60.06,4,ANOMALO_PEGGIORE
MSN,YX,306,3.47,-2.11,1.31,9.41,2954,-5.94,1,NELLA_NORMA
MSN,9E,197,3.96,-2.78,1.52,9.41,2954,-5.45,2,NELLA_NORMA
MSN,UA,382,4.79,2.55,1.31,9.41,2954,-4.62,3,NELLA_NORMA
MSN,OH,272,5.86,3.82,0.37,9.41,2954,-3.55,4,NELLA_NORMA
MSN,DL,498,7.08,-1.28,0.6,9.41,2954,-2.33,5,NELLA_NORMA
MSN,OO,527,12.67,9.49,1.14,9.41,2954,3.26,6,NELLA_NORMA
MSN,MQ,184,13.91,16.11,3.26,9.41,2954,4.5,7,NELLA_NORMA
MSN,F9,69,14.7,10.48,4.35,9.41,2954,5.29,8,NELLA_NORMA
MSN,AA,519,16.88,11.9,0.19,9.41,2954,7.47,9,NELLA_NORMA
MSO,F9,29,2.96,2.79,3.45,10.77,1052,-7.81,1,NELLA_NORMA
MSO,OO,290,5.44,2.43,1.38,10.77,1052,-5.33,2,NELLA_NORMA
MSO,MQ,80,6.63,5.14,2.5,10.77,1052,-4.14,3,NELLA_NORMA
MSO,DL,188,9.26,4.2,2.66,10.77,1052,-1.51,4,NELLA_NORMA
MSO,UA,274,11.84,4.85,1.09,10.77,1052,1.07,5,NELLA_NORMA
MSO,AS,46,16.3,6.3,0.0,10.77,1052,5.53,6,NELLA_NORMA
MSO,G4,90,18.68,16.68,2.22,10.77,1052,7.91,7,NELLA_NORMA
MSO,AA,55,30.69,25.09,0.0,10.77,1052,19.92,8,ANOMALO_PEGGIORE
MSP,G4,66,3.32,-8.05,0.0,9.73,31969,-6.41,1,NELLA_NORMA
MSP,9E,1908,6.18,2.7,0.73,9.73,31969,-3.55,2,NELLA_NORMA
MSP,DL,17454,8.8,2.05,0.77,9.73,31969,-0.93,3,NELLA_NORMA
MSP,UA,1429,9.23,4.26,1.05,9.73,31969,-0.5,4,NELLA_NORMA
MSP,WN,1872,9.43,1.95,0.64,9.73,31969,-0.3,5,NELLA_NORMA
MSP,NK,344,9.7,7.65,0.87,9.73,31969,-0.03,6,NELLA_NORMA
MSP,MQ,242,9.74,7.92,0.83,9.73,31969,0.01,7,NELLA_NORMA
MSP,AS,252,10.32,5.63,1.98,9.73,31969,0.59,8,NELLA_NORMA
MSP,OO,6288,11.79,6.6,0.83,9.73,31969,2.06,9,NELLA_NORMA
MSP,AA,1144,14.19,8.49,1.31,9.73,31969,4.46,10,NELLA_NORMA
MSP,F9,435,15.34,12.01,1.38,9.73,31969,5.61,11,NELLA_NORMA
MSP,OH,170,15.69,15.27,3.53,9.73,31969,5.96,12,NELLA_NORMA
MSP,YX,291,16.35,11.41,1.72,9.73,31969,6.62,13,NELLA_NORMA
MSP,B6,74,24.54,19.63,2.7,9.73,31969,14.81,14,NELLA_NORMA
MSY,9E,2,-7.0,-27.5,0.0,13.62,12395,-20.62,1,ANOMALO_MIGLIORE
MSY,UA,1542,8.05,2.62,1.88,13.62,12395,-5.57,2,NELLA_NORMA
MSY,AS,154,8.1,2.67,0.65,13.62,12395,-5.52,3,NELLA_NORMA
MSY,MQ,299,9.59,7.46,1.34,13.62,12395,-4.03,4,NELLA_NORMA
MSY,YX,155,9.67,3.9,0.0,13.62,12395,-3.95,5,NELLA_NORMA
MSY,DL,1782,10.35,3.14,0.84,13.62,12395,-3.27,6,NELLA_NORMA
MSY,WN,4717,12.81,7.71,0.83,13.62,12395,-0.81,7,NELLA_NORMA
MSY,F9,205,13.15,8.32,4.39,13.62,12395,-0.47,8,NELLA_NORMA
MSY,NK,1328,14.28,7.25,1.96,13.62,12395,0.66,9,NELLA_NORMA
MSY,OO,66,14.73,10.95,3.03,13.62,12395,1.11,10,NELLA_NORMA
MSY,OH,178,20.42,13.26,1.69,13.62,12395,6.8,11,NELLA_NORMA
MSY,AA,1619,22.51,19.72,1.54,13.62,12395,8.89,12,NELLA_NORMA
MSY,B6,324,25.34,18.38,0.93,13.62,12395,11.72,13,NELLA_NORMA
MSY,G4,24,42.71,41.92,0.0,13.62,12395,29.09,14,ANOMALO_PEGGIORE
MTJ,DL,31,0.55,-6.61,0.0,12.44,722,-11.89,1,NELLA_NORMA
MTJ,UA,218,7.38,-1.98,0.92,12.44,722,-5.06,2,NELLA_NORMA
MTJ,WN,159,8.57,1.4,0.0,12.44,722,-3.87,3,NELLA_NORMA
MTJ,MQ,15,8.93,9.71,6.67,12.44,722,-3.51,4,NELLA_NORMA
MTJ,AA,125,16.54,13.8,0.0,12.44,722,4.1,5,NELLA_NORMA
MTJ,OO,174,21.98,16.67,2.87,12.44,722,9.54,6,NELLA_NORMA
MVY,B6,152,13.69,11.77,7.24,18.69,296,-5.0,1,NELLA_NORMA
MVY,MQ,5,20.0,26.8,0.0,18.69,296,1.31,2,NELLA_NORMA
MVY,YX,139,23.87,25.09,2.88,18.69,296,5.18,3,NELLA_NORMA
MYR,UA,72,1.44,-7.76,1.39,9.31,4045,-7.87,1,NELLA_NORMA
MYR,DL,548,2.97,-3.66,1.46,9.31,4045,-6.34,2,NELLA_NORMA
MYR,9E,150,3.53,-4.28,2.67,9.31,4045,-5.78,3,NELLA_NORMA
MYR,OO,10,4.7,-6.3,0.0,9.31,4045,-4.61,4,NELLA_NORMA
MYR,YX,155,5.39,-2.79,3.23,9.31,4045,-3.92,5,NELLA_NORMA
MYR,WN,603,8.93,2.41,0.33,9.31,4045,-0.38,6,NELLA_NORMA
MYR,NK,1214,9.89,4.57,2.22,9.31,4045,0.58,7,NELLA_NORMA
MYR,AA,280,10.22,6.29,1.07,9.31,4045,0.91,8,NELLA_NORMA
MYR,OH,557,11.12,6.84,1.08,9.31,4045,1.81,9,NELLA_NORMA
MYR,MQ,95,11.8,9.78,0.0,9.31,4045,2.49,10,NELLA_NORMA
MYR,G4,259,16.08,14.27,4.25,9.31,4045,6.77,11,NELLA_NORMA
MYR,F9,102,28.66,27.48,6.86,9.31,4045,19.35,12,ANOMALO_PEGGIORE
OAJ,DL,88,-1.84,-6.92,1.14,12.7,471,-14.54,1,NELLA_NORMA
OAJ,OH,236,15.32,11.98,2.54,12.7,471,2.62,2,NELLA_NORMA
OAJ,9E,147,17.22,9.95,0.0,12.7,471,4.52,3,NELLA_NORMA
OAK,DL,125,-0.26,-9.65,0.8,8.46,10140,-8.72,1,NELLA_NORMA
OAK,HA,242,-0.02,-3.54,2.07,8.46,10140,-8.48,2,NELLA_NORMA
OAK,AS,176,1.01,-5.34,3.41,8.46,10140,-7.45,3,NELLA_NORMA
OAK,OO,348,1.41,-2.99,0.57,8.46,10140,-7.05,4,NELLA_NORMA
OAK,G4,36,3.54,1.89,2.78,8.46,10140,-4.92,5,NELLA_NORMA
OAK,NK,706,7.23,3.32,2.41,8.46,10140,-1.23,6,NELLA_NORMA
OAK,WN,8507,9.38,2.27,0.43,8.46,10140,0.92,7,NELLA_NORMA
OGG,WN,1629,0.35,-5.54,0.31,3.94,6475,-3.59,1,NELLA_NORMA
OGG,AA,308,1.14,-8.43,0.32,3.94,6475,-2.8,2,NELLA_NORMA
OGG,UA,462,3.76,-8.25,0.87,3.94,6475,-0.18,3,NELLA_NORMA
OGG,HA,3301,4.05,2.69,0.82,3.94,6475,0.11,4,NELLA_NORMA
OGG,AS,516,11.81,6.01,3.88,3.94,6475,7.87,5,NELLA_NORMA
OGG,DL,259,13.87,1.75,2.32,3.94,6475,9.93,6,NELLA_NORMA
OKC,AS,78,2.95,3.54,2.56,9.72,5744,-6.77,1,NELLA_NORMA
OKC,DL,459,3.87,-3.85,0.87,9.72,5744,-5.85,2,NELLA_NORMA
OKC,F9,107,4.45,-1.26,1.87,9.72,5744,-5.27,3,NELLA_NORMA
OKC,YX,235,6.29,1.1,1.7,9.72,5744,-3.43,4,NELLA_NORMA
OKC,MQ,514,6.65,4.06,2.72,9.72,5744,-3.07,5,NELLA_NORMA
OKC,UA,7,7.14,0.14,0.0,9.72,5744,-2.58,6,NELLA_NORMA
OKC,WN,1828,8.51,3.1,0.55,9.72,5744,-1.21,7,NELLA_NORMA
OKC,OO,1712,9.74,6.59,0.35,9.72,5744,0.02,8,NELLA_NORMA
OKC,OH,67,10.28,8.37,2.99,9.72,5744,0.56,9,NELLA_NORMA
OKC,G4,36,14.39,8.61,0.0,9.72,5744,4.67,10,NELLA_NORMA
OKC,AA,701,21.32,17.55,1.28,9.72,5744,11.6,11,NELLA_NORMA
OMA,AS,115,0.46,-1.82,0.87,10.99,5788,-10.53,1,NELLA_NORMA
OMA,YX,269,2.09,-1.15,1.49,10.99,5788,-8.9,2,NELLA_NORMA
OMA,MQ,113,3.48,-0.52,0.0,10.99,5788,-7.51,3,NELLA_NORMA
OMA,DL,480,5.25,-3.1,1.04,10.99,5788,-5.74,4,NELLA_NORMA
OMA,9E,115,7.25,2.57,1.74,10.99,5788,-3.74,5,NELLA_NORMA
OMA,OO,1065,7.94,4.54,0.75,10.99,5788,-3.05,6,NELLA_NORMA
OMA,UA,697,10.67,8.95,1.58,10.99,5788,-0.32,7,NELLA_NORMA
OMA,WN,1894,11.11,4.4,1.0,10.99,5788,0.12,8,NELLA_NORMA
OMA,AA,768,17.74,13.07,1.17,10.99,5788,6.75,9,NELLA_NORMA
OMA,G4,129,20.36,15.77,2.33,10.99,5788,9.37,10,NELLA_NORMA
OMA,F9,117,40.64,38.09,0.85,10.99,5788,29.65,11,ANOMALO_PEGGIORE
OMA,OH,26,51.15,46.12,0.0,10.99,5788,40.16,12,ANOMALO_PEGGIORE
OME,AS,99,-0.59,3.57,2.02,-0.59,99,0.0,1,NELLA_NORMA
ONT,MQ,19,-2.58,-7.53,0.0,9.26,6432,-11.84,1,NELLA_NORMA
ONT,HA,82,3.11,3.44,0.0,9.26,6432,-6.15,2,NELLA_NORMA
ONT,AS,332,4.24,0.84,2.11,9.26,6432,-5.02,3,NELLA_NORMA
ONT,DL,441,4.54,-5.72,0.68,9.26,6432,-4.72,4,NELLA_NORMA
ONT,WN,2766,7.64,0.02,0.4,9.26,6432,-1.62,5,NELLA_NORMA
ONT,UA,370,8.65,0.04,1.62,9.26,6432,-0.61,6,NELLA_NORMA
ONT,OO,653,9.76,6.67,0.77,9.26,6432,0.5,7,NELLA_NORMA
ONT,B6,64,10.61,0.73,0.0,9.26,6432,1.35,8,NELLA_NORMA
ONT,F9,895,12.59,9.6,2.01,9.26,6432,3.33,9,NELLA_NORMA
ONT,AA,810,16.49,10.49,0.86,9.26,6432,7.23,10,NELLA_NORMA
ORD,9E,19,4.05,-1.26,0.0,15.22,69727,-11.17,1,NELLA_NORMA
ORD,YX,4262,4.82,-1.7,1.03,15.22,69727,-10.4,2,NELLA_NORMA
ORD,WN,1704,9.89,2.98,1.7,15.22,69727,-5.33,3,NELLA_NORMA
ORD,MQ,8560,11.29,7.82,1.07,15.22,69727,-3.93,4,NELLA_NORMA
ORD,AS,767,12.77,7.42,0.78,15.22,69727,-2.45,5,NELLA_NORMA
ORD,DL,2707,13.75,6.72,1.55,15.22,69727,-1.47,6,NELLA_NORMA
ORD,UA,22406,13.76,7.36,1.3,15.22,69727,-1.46,7,NELLA_NORMA
ORD,OO,13261,17.42,12.99,1.45,15.22,69727,2.2,8,NELLA_NORMA
ORD,B6,296,20.51,16.97,2.36,15.22,69727,5.29,9,NELLA_NORMA
ORD,AA,12899,20.66,15.91,1.16,15.22,69727,5.44,10,NELLA_NORMA
ORD,NK,2202,23.21,14.61,1.86,15.22,69727,7.99,11,NELLA_NORMA
ORD,F9,644,27.89,30.83,2.8,15.22,69727,12.67,12,NELLA_NORMA
ORF,YX,674,2.6,-0.31,2.52,12.74,5267,-10.14,1,NELLA_NORMA
ORF,G4,60,7.62,6.9,3.33,12.74,5267,-5.12,2,NELLA_NORMA
ORF,OH,777,8.19,3.93,1.29,12.74,5267,-4.55,3,NELLA_NORMA
ORF,UA,577,8.59,3.66,0.69,12.74,5267,-4.15,4,NELLA_NORMA
ORF,9E,548,10.95,4.7,1.82,12.74,5267,-1.79,5,NELLA_NORMA
ORF,WN,798,11.55,4.44,0.25,12.74,5267,-1.19,6,NELLA_NORMA
ORF,MQ,106,14.17,9.76,0.94,12.74,5267,1.43,7,NELLA_NORMA
ORF,DL,612,18.53,11.84,0.65,12.74,5267,5.79,8,NELLA_NORMA
ORF,F9,72,19.0,20.9,2.78,12.74,5267,6.26,9,NELLA_NORMA
ORF,AA,717,21.83,15.86,2.09,12.74,5267,9.09,10,NELLA_NORMA
ORF,OO,79,22.03,18.97,1.27,12.74,5267,9.29,11,NELLA_NORMA
ORF,NK,247,27.39,18.81,3.24,12.74,5267,14.65,12,NELLA_NORMA
ORH,YX,79,-2.62,-8.51,6.33,14.58,336,-17.2,1,ANOMALO_MIGLIORE
ORH,9E,81,11.72,2.33,3.7,14.58,336,-2.86,2,NELLA_NORMA
ORH,B6,176,23.23,12.36,1.7,14.58,336,8.65,3,NELLA_NORMA
OTH,OO,93,13.63,8.32,2.15,13.63,93,0.0,1,NELLA_NORMA
OTZ,AS,114,-7.49,-6.34,7.89,-7.49,114,0.0,1,NELLA_NORMA
PAE,AS,244,1.86,-2.32,4.92,1.86,244,0.0,1,NELLA_NORMA
PBG,G4,157,43.19,35.88,4.46,43.19,157,0.0,1,NELLA_NORMA
PBI,YX,8,-4.5,-6.5,0.0,16.1,7442,-20.6,1,ANOMALO_MIGLIORE
PBI,NK,124,6.37,0.65,0.81,16.1,7442,-9.73,2,NELLA_NORMA
PBI,WN,682,11.67,6.73,0.88,16.1,7442,-4.43,3,NELLA_NORMA
PBI,DL,1799,12.97,7.14,1.56,16.1,7442,-3.13,4,NELLA_NORMA
PBI,UA,841,15.59,9.36,2.62,16.1,7442,-0.51,5,NELLA_NORMA
PBI,G4,99,15.66,16.39,3.03,16.1,7442,-0.44,6,NELLA_NORMA
PBI,B6,2157,17.43,12.06,1.48,16.1,7442,1.33,7,NELLA_NORMA
PBI,AA,1523,20.39,17.29,1.71,16.1,7442,4.29,8,NELLA_NORMA
PBI,F9,209,21.86,16.53,6.22,16.1,7442,5.76,9,NELLA_NORMA
PDX,MQ,12,-4.5,-13.08,0.0,7.4,14778,-11.9,1,NELLA_NORMA
PDX,AS,4168,4.49,2.94,2.04,7.4,14778,-2.91,2,NELLA_NORMA
PDX,OO,2715,5.57,4.62,0.52,7.4,14778,-1.83,3,NELLA_NORMA
PDX,DL,1790,6.71,-2.07,0.89,7.4,14778,-0.69,4,NELLA_NORMA
PDX,HA,178,7.2,2.67,0.56,7.4,14778,-0.2,5,NELLA_NORMA
PDX,UA,1658,8.62,2.12,1.57,7.4,14778,1.22,6,NELLA_NORMA
PDX,WN,2320,8.86,2.75,0.69,7.4,14778,1.46,7,NELLA_NORMA
PDX,F9,439,11.7,10.33,1.82,7.4,14778,4.3,8,NELLA_NORMA
PDX,NK,397,12.05,5.1,2.02,7.4,14778,4.65,9,NELLA_NORMA
PDX,G4,77,13.68,11.27,0.0,7.4,14778,6.28,10,NELLA_NORMA
PDX,AA,978,15.37,8.36,1.43,7.4,14778,7.97,11,NELLA_NORMA
PDX,B6,46,29.22,26.59,0.0,7.4,14778,21.82,12,ANOMALO_PEGGIORE
PGD,G4,1605,11.03,7.67,1.56,11.03,1605,0.0,1,NELLA_NORMA
PHL,YX,2168,3.2,-2.13,2.03,15.53,25359,-12.33,1,NELLA_NORMA
PHL,B6,264,6.05,1.83,1.89,15.53,25359,-9.48,2,NELLA_NORMA
PHL,UA,1046,7.52,-0.91,1.91,15.53,25359,-8.01,3,NELLA_NORMA
PHL,9E,41,7.68,0.98,0.0,15.53,25359,-7.85,4,NELLA_NORMA
PHL,AS,177,9.03,7.51,1.13,15.53,25359,-6.5,5,NELLA_NORMA
PHL,DL,1504,9.13,-0.26,1.2,15.53,25359,-6.4,6,NELLA_NORMA
PHL,OO,50,9.59,0.41,2.0,15.53,25359,-5.94,7,NELLA_NORMA
PHL,WN,1237,12.3,4.4,0.49,15.53,25359,-3.23,8,NELLA_NORMA
PHL,OH,3023,13.36,8.81,1.32,15.53,25359,-2.17,9,NELLA_NORMA
PHL,NK,1265,18.39,8.26,1.66,15.53,25359,2.86,10,NELLA_NORMA
PHL,AA,11479,18.86,12.34,1.64,15.53,25359,3.33,11,NELLA_NORMA
PHL,F9,3105,21.28,15.48,2.83,15.53,25359,5.75,12,NELLA_NORMA
PHX,HA,82,2.33,-2.96,0.0,10.96,48156,-8.63,1,NELLA_NORMA
PHX,AS,1267,3.3,2.17,1.1,10.96,48156,-7.66,2,NELLA_NORMA
PHX,OO,6397,5.66,2.5,0.16,10.96,48156,-5.3,3,NELLA_NORMA
PHX,MQ,2007,5.9,2.04,0.4,10.96,48156,-5.06,4,NELLA_NORMA
PHX,G4,100,6.92,8.64,0.0,10.96,48156,-4.04,5,NELLA_NORMA
PHX,UA,2521,7.5,0.39,2.14,10.96,48156,-3.46,6,NELLA_NORMA
PHX,DL,2657,9.06,0.26,0.9,10.96,48156,-1.9,7,NELLA_NORMA
PHX,WN,16421,11.94,5.02,0.44,10.96,48156,0.98,8,NELLA_NORMA
PHX,F9,2324,12.77,9.69,1.51,10.96,48156,1.81,9,NELLA_NORMA
PHX,AA,13888,13.78,8.64,0.58,10.96,48156,2.82,10,NELLA_NORMA
PHX,NK,263,27.12,24.33,2.28,10.96,48156,16.16,11,ANOMALO_PEGGIORE
PHX,B6,229,32.51,26.03,0.87,10.96,48156,21.55,12,ANOMALO_PEGGIORE
PIA,G4,270,12.06,6.88,1.85,17.72,945,-5.66,1,NELLA_NORMA
PIA,OO,299,15.68,10.84,1.0,17.72,945,-2.04,2,NELLA_NORMA
PIA,OH,237,20.41,18.97,2.11,17.72,945,2.69,3,NELLA_NORMA
PIA,MQ,139,28.65,22.79,2.88,17.72,945,10.93,4,NELLA_NORMA
PIB,OO,164,6.14,2.41,2.44,6.14,164,0.0,1,NELLA_NORMA
PIE,G4,2059,9.61,7.16,2.57,9.61,2059,0.0,1,NELLA_NORMA
PIH,OO,159,-5.52,-12.73,0.0,-5.52,159,0.0,1,NELLA_NORMA
PIT,YX,2415,-0.17,-6.05,1.45,9.05,10995,-9.22,1,NELLA_NORMA
PIT,OO,249,2.07,-4.78,0.4,9.05,10995,-6.98,2,NELLA_NORMA
PIT,AS,109,2.62,-3.22,1.83,9.05,10995,-6.43,3,NELLA_NORMA
PIT,DL,812,6.42,-1.32,0.74,9.05,10995,-2.63,4,NELLA_NORMA
PIT,MQ,176,7.95,2.93,0.57,9.05,10995,-1.1,5,NELLA_NORMA
PIT,B6,304,9.09,4.94,1.32,9.05,10995,0.04,6,NELLA_NORMA
PIT,UA,744,9.52,5.23,0.94,9.05,10995,0.47,7,NELLA_NORMA
PIT,WN,2589,10.32,4.17,0.93,9.05,10995,1.27,8,NELLA_NORMA
PIT,G4,340,10.69,7.98,0.59,9.05,10995,1.64,9,NELLA_NORMA
PIT,F9,134,12.05,17.23,4.48,9.05,10995,3.0,10,NELLA_NORMA
PIT,OH,183,12.35,6.37,2.73,9.05,10995,3.3,11,NELLA_NORMA
PIT,AA,1587,13.38,10.76,1.01,9.05,10995,4.33,12,NELLA_NORMA
PIT,9E,451,17.43,10.96,2.88,9.05,10995,8.38,13,NELLA_NORMA
PIT,NK,902,21.63,13.8,2.55,9.05,10995,12.58,14,NELLA_NORMA
PLN,OO,189,18.42,11.51,2.65,18.42,189,0.0,1,NELLA_NORMA
PNS,DL,671,2.25,-3.3,0.89,13.56,3439,-11.31,1,NELLA_NORMA
PNS,UA,166,3.76,-2.52,1.2,13.56,3439,-9.8,2,NELLA_NORMA
PNS,WN,570,8.31,1.29,0.53,13.56,3439,-5.25,3,NELLA_NORMA
PNS,9E,65,8.63,4.27,1.54,13.56,3439,-4.93,4,NELLA_NORMA
PNS,YX,21,9.84,0.63,9.52,13.56,3439,-3.72,5,NELLA_NORMA
PNS,MQ,390,10.92,7.98,1.54,13.56,3439,-2.64,6,NELLA_NORMA
PNS,NK,256,14.0,3.93,3.13,13.56,3439,0.44,7,NELLA_NORMA
PNS,OH,684,20.11,18.23,1.17,13.56,3439,6.55,8,NELLA_NORMA
PNS,F9,119,20.62,16.62,1.68,13.56,3439,7.06,9,NELLA_NORMA
PNS,AA,453,29.56,28.57,2.21,13.56,3439,16.0,10,ANOMALO_PEGGIORE
PNS,OO,44,37.89,33.77,0.0,13.56,3439,24.33,11,ANOMALO_PEGGIORE
PPG,HA,29,29.55,23.9,0.0,29.55,29,0.0,1,NELLA_NORMA
PQI,B6,33,-0.94,-9.06,3.03,-0.94,33,0.0,1,NELLA_NORMA
PRC,OO,164,28.89,25.49,0.0,28.89,164,0.0,1,NELLA_NORMA
PSC,OO,1078,3.65,-1.75,0.19,4.44,1361,-0.79,1,NELLA_NORMA
PSC,DL,97,6.6,-3.16,0.0,4.44,1361,2.16,2,NELLA_NORMA
PSC,G4,80,7.54,1.55,0.0,4.44,1361,3.1,3,NELLA_NORMA
PSC,AS,106,8.27,10.72,3.77,4.44,1361,3.83,4,NELLA_NORMA
PSE,F9,75,0.86,-3.8,1.33,1.4,246,-0.54,1,NELLA_NORMA
PSE,B6,171,1.64,-4.09,1.75,1.4,246,0.24,2,NELLA_NORMA
PSG,AS,176,-3.55,-5.49,1.14,-3.55,176,0.0,1,NELLA_NORMA
PSM,G4,103,4.59,-2.19,1.94,4.59,103,0.0,1,NELLA_NORMA
PSP,F9,3,-11.33,-17.67,0.0,8.65,3432,-19.98,1,ANOMALO_MIGLIORE
PSP,B6,17,1.19,-9.0,5.88,8.65,3432,-7.46,2,NELLA_NORMA
PSP,G4,33,1.52,-2.03,0.0,8.65,3432,-7.13,3,NELLA_NORMA
PSP,AS,384,3.59,0.96,4.43,8.65,3432,-5.06,4,NELLA_NORMA
PSP,DL,163,6.38,-3.98,0.0,8.65,3432,-2.27,5,NELLA_NORMA
PSP,OO,1345,7.46,5.64,0.67,8.65,3432,-1.19,6,NELLA_NORMA
PSP,MQ,31,8.48,5.65,0.0,8.65,3432,-0.17,7,NELLA_NORMA
PSP,WN,639,8.78,3.18,0.47,8.65,3432,0.13,8,NELLA_NORMA
PSP,AA,458,13.5,8.53,0.66,8.65,3432,4.85,9,NELLA_NORMA
PSP,UA,359,14.15,7.83,0.56,8.65,3432,5.5,10,NELLA_NORMA
PVD,YX,258,1.08,-5.17,0.39,11.51,3685,-10.43,1,NELLA_NORMA
PVD,9E,175,6.33,-1.92,2.86,11.51,3685,-5.18,2,NELLA_NORMA
PVD,MQ,105,7.52,6.73,0.95,11.51,3685,-3.99,3,NELLA_NORMA
PVD,B6,402,8.6,2.13,1.99,11.51,3685,-2.91,4,NELLA_NORMA
PVD,UA,30,10.1,7.57,0.0,11.51,3685,-1.41,5,NELLA_NORMA
PVD,WN,1219,10.24,1.83,1.15,11.51,3685,-1.27,6,NELLA_NORMA
PVD,DL,356,11.44,1.69,0.56,11.51,3685,-0.07,7,NELLA_NORMA
PVD,OH,403,13.79,10.95,3.23,11.51,3685,2.28,8,NELLA_NORMA
PVD,OO,134,15.05,12.32,0.0,11.51,3685,3.54,9,NELLA_NORMA
PVD,AA,547,20.18,14.49,0.55,11.51,3685,8.67,10,NELLA_NORMA
PVD,G4,56,23.51,12.29,1.79,11.51,3685,12.0,11,NELLA_NORMA
PVU,G4,437,13.01,9.85,0.0,15.07,513,-2.06,1,NELLA_NORMA
PVU,OO,76,27.03,28.51,1.32,15.07,513,11.96,2,NELLA_NORMA
PWM,YX,913,6.22,-1.42,2.3,11.42,2857,-5.2,1,NELLA_NORMA
PWM,MQ,89,6.85,5.07,1.12,11.42,2857,-4.57,2,NELLA_NORMA
PWM,UA,209,7.75,4.18,0.96,11.42,2857,-3.67,3,NELLA_NORMA
PWM,B6,91,10.99,6.74,5.49,11.42,2857,-0.43,4,NELLA_NORMA
PWM,OO,122,11.37,2.08,0.0,11.42,2857,-0.05,5,NELLA_NORMA
PWM,DL,199,12.03,4.76,0.5,11.42,2857,0.61,6,NELLA_NORMA
PWM,F9,89,12.18,3.53,4.49,11.42,2857,0.76,7,NELLA_NORMA
PWM,OH,199,14.31,9.69,1.01,11.42,2857,2.89,8,NELLA_NORMA
PWM,AA,391,14.88,9.93,2.3,11.42,2857,3.46,9,NELLA_NORMA
PWM,WN,338,15.56,8.57,1.18,11.42,2857,4.14,10,NELLA_NORMA
PWM,9E,217,22.85,14.85,4.15,11.42,2857,11.43,11,NELLA_NORMA
RAP,9E,52,3.0,-0.63,0.0,9.43,1324,-6.43,1,NELLA_NORMA
RAP,UA,243,4.57,0.34,1.65,9.43,1324,-4.86,2,NELLA_NORMA
RAP,G4,105,6.07,1.22,0.0,9.43,1324,-3.36,3,NELLA_NORMA
RAP,OO,558,8.25,0.1,0.9,9.43,1324,-1.18,4,NELLA_NORMA
RAP,MQ,304,12.27,8.14,1.64,9.43,1324,2.84,5,NELLA_NORMA
RAP,DL,26,28.04,29.12,0.0,9.43,1324,18.61,6,ANOMALO_PEGGIORE
RAP,AA,36,43.76,47.15,5.56,9.43,1324,34.33,7,ANOMALO_PEGGIORE
RDD,OO,362,11.18,7.29,0.55,11.18,362,0.0,1,NELLA_NORMA
RDM,MQ,98,7.32,-1.65,0.0,14.1,1461,-6.78,1,NELLA_NORMA
RDM,AS,110,7.57,11.72,2.73,14.1,1461,-6.53,2,NELLA_NORMA
RDM,OO,967,11.37,9.61,1.03,14.1,1461,-2.73,3,NELLA_NORMA
RDM,UA,257,23.75,17.49,2.33,14.1,1461,9.65,4,NELLA_NORMA
RDM,AA,29,67.59,59.69,0.0,14.1,1461,53.49,5,ANOMALO_PEGGIORE
RDU,MQ,301,4.02,2.37,0.66,12.86,15400,-8.84,1,NELLA_NORMA
RDU,YX,1387,5.86,3.6,1.08,12.86,15400,-7.0,2,NELLA_NORMA
RDU,OH,220,9.22,3.26,0.45,12.86,15400,-3.64,3,NELLA_NORMA
RDU,UA,1393,9.44,3.82,1.29,12.86,15400,-3.42,4,NELLA_NORMA
RDU,WN,2240,10.56,3.23,0.58,12.86,15400,-2.3,5,NELLA_NORMA
RDU,DL,2878,12.4,3.68,0.66,12.86,15400,-0.46,6,NELLA_NORMA
RDU,9E,1567,12.64,7.32,3.06,12.86,15400,-0.22,7,NELLA_NORMA
RDU,OO,265,13.08,11.06,0.0,12.86,15400,0.22,8,NELLA_NORMA
RDU,AA,2903,17.04,12.81,1.83,12.86,15400,4.18,9,NELLA_NORMA
RDU,AS,141,17.29,9.41,0.0,12.86,15400,4.43,10,NELLA_NORMA
RDU,B6,820,17.29,13.75,1.46,12.86,15400,4.43,10,NELLA_NORMA
RDU,F9,1174,19.24,16.99,3.15,12.86,15400,6.38,12,NELLA_NORMA
RDU,NK,111,22.25,16.55,0.9,12.86,15400,9.39,13,NELLA_NORMA
RFD,G4,221,11.46,6.06,1.36,11.46,221,0.0,1,NELLA_NORMA
RHI,OO,206,8.36,-3.24,0.97,8.36,206,0.0,1,NELLA_NORMA
RIC,UA,244,-0.87,-6.49,2.05,10.94,4569,-11.81,1,NELLA_NORMA
RIC,YX,610,5.23,3.42,1.48,10.94,4569,-5.71,2,NELLA_NORMA
RIC,G4,60,6.5,-4.72,0.0,10.94,4569,-4.44,3,NELLA_NORMA
RIC,MQ,48,8.38,-0.1,0.0,10.94,4569,-2.56,4,NELLA_NORMA
RIC,DL,659,8.72,1.82,0.91,10.94,4569,-2.22,5,NELLA_NORMA
RIC,WN,516,9.54,2.37,0.0,10.94,4569,-1.4,6,NELLA_NORMA
RIC,OH,112,9.94,6.85,1.79,10.94,4569,-1.0,7,NELLA_NORMA
RIC,B6,454,10.35,2.29,1.1,10.94,4569,-0.59,8,NELLA_NORMA
RIC,9E,483,11.0,4.59,2.69,10.94,4569,0.06,9,NELLA_NORMA
RIC,AA,930,15.9,10.27,1.4,10.94,4569,4.96,10,NELLA_NORMA
RIC,OO,157,19.91,14.2,0.0,10.94,4569,8.97,11,NELLA_NORMA
RIC,NK,296,21.89,12.76,1.35,10.94,4569,10.95,12,NELLA_NORMA
RIW,OO,151,25.8,21.74,1.99,25.8,151,0.0,1,NELLA_NORMA
RKS,OO,168,10.74,4.01,0.0,10.74,168,0.0,1,NELLA_NORMA
RNO,AS,154,7.06,6.95,0.0,11.65,5250,-4.59,1,NELLA_NORMA
RNO,NK,294,8.19,5.12,1.36,11.65,5250,-3.46,2,NELLA_NORMA
RNO,OO,1074,8.51,6.71,0.74,11.65,5250,-3.14,3,NELLA_NORMA
RNO,WN,2220,8.92,3.03,0.32,11.65,5250,-2.73,4,NELLA_NORMA
RNO,DL,213,14.19,5.64,0.47,11.65,5250,2.54,5,NELLA_NORMA
RNO,UA,568,14.57,9.43,1.06,11.65,5250,2.92,6,NELLA_NORMA
RNO,MQ,57,15.61,10.93,0.0,11.65,5250,3.96,7,NELLA_NORMA
RNO,AA,603,24.21,18.17,1.16,11.65,5250,12.56,8,NELLA_NORMA
RNO,B6,64,28.9,27.79,3.13,11.65,5250,17.25,9,ANOMALO_PEGGIORE
RNO,G4,3,67.33,73.0,0.0,11.65,5250,55.68,10,ANOMALO_PEGGIORE
ROA,DL,114,7.43,-0.59,0.0,18.66,737,-11.23,1,NELLA_NORMA
ROA,9E,250,13.77,6.81,2.8,18.66,737,-4.89,2,NELLA_NORMA
ROA,OH,63,16.46,18.84,0.0,18.66,737,-2.2,3,NELLA_NORMA
ROA,OO,173,23.62,22.05,1.73,18.66,737,4.96,4,NELLA_NORMA
ROA,G4,60,26.52,24.53,0.0,18.66,737,7.86,5,NELLA_NORMA
ROA,YX,77,36.82,37.41,7.79,18.66,737,18.16,6,ANOMALO_PEGGIORE
ROC,YX,266,5.56,-0.86,0.75,12.8,3050,-7.24,1,NELLA_NORMA
ROC,MQ,215,5.69,0.02,0.93,12.8,3050,-7.11,2,NELLA_NORMA
ROC,OO,137,6.33,0.63,0.73,12.8,3050,-6.47,3,NELLA_NORMA
ROC,UA,248,7.43,1.69,1.21,12.8,3050,-5.37,4,NELLA_NORMA
ROC,9E,707,8.77,0.56,3.96,12.8,3050,-4.03,5,NELLA_NORMA
ROC,NK,128,8.77,-2.73,0.0,12.8,3050,-4.03,5,NELLA_NORMA
ROC,WN,466,11.79,4.81,0.64,12.8,3050,-1.01,7,NELLA_NORMA
ROC,OH,183,13.59,11.36,1.09,12.8,3050,0.79,8,NELLA_NORMA
ROC,G4,17,18.35,3.71,0.0,12.8,3050,5.55,9,NELLA_NORMA
ROC,DL,277,19.59,7.97,1.08,12.8,3050,6.79,10,NELLA_NORMA
ROC,B6,180,23.07,17.44,1.67,12.8,3050,10.27,11,NELLA_NORMA
ROC,AA,226,37.09,33.65,1.33,12.8,3050,24.29,12,ANOMALO_PEGGIORE
ROW,MQ,41,16.8,11.61,0.0,21.33,271,-4.53,1,NELLA_NORMA
ROW,OO,230,22.16,19.52,2.17,21.33,271,0.83,2,NELLA_NORMA
RST,YX,2,-5.0,-5.5,0.0,17.66,334,-22.66,1,ANOMALO_MIGLIORE
RST,9E,56,10.09,5.25,0.0,17.66,334,-7.57,2,NELLA_NORMA
RST,MQ,81,18.58,14.32,0.0,17.66,334,0.92,3,NELLA_NORMA
RST,OO,195,19.69,13.61,0.51,17.66,334,2.03,4,NELLA_NORMA
RSW,AS,39,1.24,-7.62,5.13,13.2,8794,-11.96,1,NELLA_NORMA
RSW,YX,23,4.04,-2.04,0.0,13.2,8794,-9.16,2,NELLA_NORMA
RSW,OH,13,4.25,0.92,7.69,13.2,8794,-8.95,3,NELLA_NORMA
RSW,MQ,22,5.77,7.09,0.0,13.2,8794,-7.43,4,NELLA_NORMA
RSW,UA,1383,6.97,0.83,2.75,13.2,8794,-6.23,5,NELLA_NORMA
RSW,9E,3,7.33,7.0,0.0,13.2,8794,-5.87,6,NELLA_NORMA
RSW,WN,1901,10.38,6.24,1.79,13.2,8794,-2.82,7,NELLA_NORMA
RSW,DL,1828,11.53,6.95,1.48,13.2,8794,-1.67,8,NELLA_NORMA
RSW,NK,600,12.45,8.81,2.33,13.2,8794,-0.75,9,NELLA_NORMA
RSW,AA,1400,17.24,13.91,2.64,13.2,8794,4.04,10,NELLA_NORMA
RSW,F9,629,19.94,15.02,3.18,13.2,8794,6.74,11,NELLA_NORMA
RSW,B6,953,22.26,17.91,2.31,13.2,8794,9.06,12,NELLA_NORMA
SAF,OO,666,14.5,8.66,0.9,14.9,683,-0.4,1,NELLA_NORMA
SAF,MQ,17,30.29,27.65,0.0,14.9,683,15.39,2,ANOMALO_PEGGIORE
SAN,AS,2571,9.16,8.26,2.96,13.17,23704,-4.01,1,NELLA_NORMA
SAN,UA,2597,9.7,4.66,2.04,13.17,23704,-3.47,2,NELLA_NORMA
SAN,OO,3104,9.96,11.18,0.9,13.17,23704,-3.21,3,NELLA_NORMA
SAN,G4,33,12.58,15.79,0.0,13.17,23704,-0.59,4,NELLA_NORMA
SAN,DL,2327,13.31,7.11,0.9,13.17,23704,0.14,5,NELLA_NORMA
SAN,WN,8521,14.29,9.38,0.94,13.17,23704,1.12,6,NELLA_NORMA
SAN,NK,731,15.15,11.89,1.92,13.17,23704,1.98,7,NELLA_NORMA
SAN,AA,2328,15.15,9.28,1.29,13.17,23704,1.98,7,NELLA_NORMA
SAN,HA,201,15.9,18.18,0.5,13.17,23704,2.73,9,NELLA_NORMA
SAN,F9,863,22.54,23.55,2.32,13.17,23704,9.37,10,NELLA_NORMA
SAN,B6,428,23.66,18.07,0.47,13.17,23704,10.49,11,NELLA_NORMA
SAT,YX,2,-10.5,-28.0,0.0,11.13,10377,-21.63,1,ANOMALO_MIGLIORE
SAT,OO,248,2.67,-0.1,0.81,11.13,10377,-8.46,2,NELLA_NORMA
SAT,UA,1355,9.41,3.33,1.92,11.13,10377,-1.72,3,NELLA_NORMA
SAT,WN,4100,9.84,4.17,0.63,11.13,10377,-1.29,4,NELLA_NORMA
SAT,DL,1599,10.55,3.74,0.44,11.13,10377,-0.58,5,NELLA_NORMA
SAT,G4,7,11.14,9.0,0.0,11.13,10377,0.01,6,NELLA_NORMA
SAT,AS,166,12.1,8.78,0.6,11.13,10377,0.97,7,NELLA_NORMA
SAT,NK,538,13.66,3.95,1.49,11.13,10377,2.53,8,NELLA_NORMA
SAT,MQ,66,13.7,9.0,0.0,11.13,10377,2.57,9,NELLA_NORMA
SAT,AA,1977,14.88,12.73,1.77,11.13,10377,3.75,10,NELLA_NORMA
SAT,F9,178,15.99,6.2,2.81,11.13,10377,4.86,11,NELLA_NORMA
SAT,B6,141,16.91,9.14,2.13,11.13,10377,5.78,12,NELLA_NORMA
SAV,F9,41,2.36,6.18,4.88,12.16,4785,-9.8,1,NELLA_NORMA
SAV,YX,271,7.67,1.11,0.74,12.16,4785,-4.49,2,NELLA_NORMA
SAV,OO,112,8.31,4.71,2.68,12.16,4785,-3.85,3,NELLA_NORMA
SAV,WN,679,8.73,3.44,1.03,12.16,4785,-3.43,4,NELLA_NORMA
SAV,DL,832,9.2,3.7,0.48,12.16,4785,-2.96,5,NELLA_NORMA
SAV,UA,336,9.31,3.74,2.08,12.16,4785,-2.85,6,NELLA_NORMA
SAV,MQ,229,9.41,3.86,1.31,12.16,4785,-2.75,7,NELLA_NORMA
SAV,G4,190,9.94,7.26,1.58,12.16,4785,-2.22,8,NELLA_NORMA
SAV,9E,459,11.15,3.04,4.14,12.16,4785,-1.01,9,NELLA_NORMA
SAV,OH,910,11.36,5.89,1.32,12.16,4785,-0.8,10,NELLA_NORMA
SAV,B6,250,13.3,9.45,2.4,12.16,4785,1.14,11,NELLA_NORMA
SAV,AA,476,32.74,26.9,1.89,12.16,4785,20.58,12,ANOMALO_PEGGIORE
SBA,AS,91,3.22,0.12,0.0,14.32,1876,-11.1,1,NELLA_NORMA
SBA,MQ,66,4.05,-1.03,3.03,14.32,1876,-10.27,2,NELLA_NORMA
SBA,WN,447,11.43,5.5,1.12,14.32,1876,-2.89,3,NELLA_NORMA
SBA,DL,177,14.13,7.4,1.69,14.32,1876,-0.19,4,NELLA_NORMA
SBA,OO,436,15.31,12.54,1.61,14.32,1876,0.99,5,NELLA_NORMA
SBA,UA,409,17.26,12.81,1.96,14.32,1876,2.94,6,NELLA_NORMA
SBA,AA,250,19.97,17.26,2.0,14.32,1876,5.65,7,NELLA_NORMA
SBN,9E,3,-5.0,-17.0,0.0,14.52,1671,-19.52,1,ANOMALO_MIGLIORE
SBN,UA,7,0.0,-8.0,0.0,14.52,1671,-14.52,2,NELLA_NORMA
SBN,G4,210,10.45,3.18,1.43,14.52,1671,-4.07,3,NELLA_NORMA
SBN,OO,1133,14.74,8.2,1.77,14.52,1671,0.22,4,NELLA_NORMA
SBN,YX,18,16.83,14.11,0.0,14.52,1671,2.31,5,NELLA_NORMA
SBN,OH,300,16.89,13.49,0.67,14.52,1671,2.37,6,NELLA_NORMA
SBP,AS,18,-1.89,-0.61,0.0,12.74,1286,-14.63,1,NELLA_NORMA
SBP,MQ,37,3.38,0.92,0.0,12.74,1286,-9.36,2,NELLA_NORMA
SBP,OO,964,9.93,7.7,1.35,12.74,1286,-2.81,3,NELLA_NORMA
SBP,UA,86,13.44,5.58,1.16,12.74,1286,0.7,4,NELLA_NORMA
SBP,AA,181,30.54,25.34,0.0,12.74,1286,17.8,5,ANOMALO_PEGGIORE
SCC,AS,159,-7.37,-9.12,2.52,-7.37,159,0.0,1,NELLA_NORMA
SCE,YX,1,-10.0,-33.0,0.0,18.25,171,-28.25,1,ANOMALO_MIGLIORE
SCE,OH,3,-9.5,-11.0,33.33,18.25,171,-27.75,2,ANOMALO_MIGLIORE
SCE,OO,167,18.77,11.72,2.99,18.25,171,0.52,3,NELLA_NORMA
SCK,G4,130,24.7,24.74,0.77,24.7,130,0.0,1,NELLA_NORMA
SDF,YX,1545,1.02,-3.26,1.23,9.41,6030,-8.39,1,NELLA_NORMA
SDF,DL,629,3.41,-2.89,0.64,9.41,6030,-6.0,2,NELLA_NORMA
SDF,WN,1270,7.73,0.75,0.71,9.41,6030,-1.68,3,NELLA_NORMA
SDF,9E,37,8.06,2.03,2.7,9.41,6030,-1.35,4,NELLA_NORMA
SDF,OH,420,9.43,5.82,0.95,9.41,6030,0.02,5,NELLA_NORMA
SDF,UA,205,9.49,2.94,0.98,9.41,6030,0.08,6,NELLA_NORMA
SDF,OO,478,10.21,4.49,0.84,9.41,6030,0.8,7,NELLA_NORMA
SDF,MQ,391,13.03,8.52,1.02,9.41,6030,3.62,8,NELLA_NORMA
SDF,NK,224,20.81,12.61,1.79,9.41,6030,11.4,9,NELLA_NORMA
SDF,AA,628,24.47,22.23,0.48,9.41,6030,15.06,10,ANOMALO_PEGGIORE
SDF,G4,203,35.15,31.98,3.94,9.41,6030,25.74,11,ANOMALO_PEGGIORE
SEA,OO,6679,7.03,4.21,0.31,9.68,40992,-2.65,1,NELLA_NORMA
SEA,DL,7992,7.92,1.07,0.58,9.68,40992,-1.76,2,NELLA_NORMA
SEA,AS,19506,9.2,6.03,1.53,9.68,40992,-0.48,3,NELLA_NORMA
SEA,UA,2195,12.05,6.44,1.87,9.68,40992,2.37,4,NELLA_NORMA
SEA,MQ,150,12.85,2.68,0.0,9.68,40992,3.17,5,NELLA_NORMA
SEA,WN,2078,14.44,7.26,0.14,9.68,40992,4.76,6,NELLA_NORMA
SEA,NK,262,18.7,9.98,1.15,9.68,40992,9.02,7,NELLA_NORMA
SEA,AA,1385,19.54,9.78,1.01,9.68,40992,9.86,8,NELLA_NORMA
SEA,F9,363,20.52,17.1,1.38,9.68,40992,10.84,9,NELLA_NORMA
SEA,B6,193,24.08,16.85,0.52,9.68,40992,14.4,10,NELLA_NORMA
SEA,HA,189,25.94,22.73,2.12,9.68,40992,16.26,11,ANOMALO_PEGGIORE
SFB,G4,2413,12.64,10.04,2.03,12.64,2413,0.0,1,NELLA_NORMA
SFO,HA,193,2.34,0.98,4.15,14.32,33830,-11.98,1,NELLA_NORMA
SFO,MQ,11,10.36,3.09,0.0,14.32,33830,-3.96,2,NELLA_NORMA
SFO,AS,2778,10.98,8.04,2.84,14.32,33830,-3.34,3,NELLA_NORMA
SFO,UA,12736,11.83,2.69,1.46,14.32,33830,-2.49,4,NELLA_NORMA
SFO,B6,1130,12.1,4.26,0.62,14.32,33830,-2.22,5,NELLA_NORMA
SFO,OO,8120,13.08,8.14,1.39,14.32,33830,-1.24,6,NELLA_NORMA
SFO,DL,3157,15.58,5.64,0.79,14.32,33830,1.26,7,NELLA_NORMA
SFO,AA,2615,19.93,12.71,0.76,14.32,33830,5.61,8,NELLA_NORMA
SFO,WN,1898,22.67,16.53,0.58,14.32,33830,8.35,9,NELLA_NORMA
SFO,F9,1192,31.89,29.49,1.34,14.32,33830,17.57,10,ANOMALO_PEGGIORE
SGF,9E,167,7.84,1.6,0.6,17.76,2389,-9.92,1,NELLA_NORMA
SGF,G4,231,12.38,7.59,1.3,17.76,2389,-5.38,2,NELLA_NORMA
SGF,MQ,983,14.47,11.71,1.53,17.76,2389,-3.29,3,NELLA_NORMA
SGF,OO,645,21.0,15.69,0.78,17.76,2389,3.24,4,NELLA_NORMA
SGF,DL,100,21.2,11.24,0.0,17.76,2389,3.44,5,NELLA_NORMA
SGF,OH,263,31.71,31.42,1.14,17.76,2389,13.95,6,NELLA_NORMA
SGU,OO,769,5.84,0.61,0.39,5.84,769,0.0,1,NELLA_NORMA
SHR,OO,169,-5.51,-4.68,1.18,-5.51,169,0.0,1,NELLA_NORMA
SHV,9E,288,8.14,1.28,0.69,10.33,1104,-2.19,1,NELLA_NORMA
SHV,MQ,222,8.79,4.37,1.8,10.33,1104,-1.54,2,NELLA_NORMA
SHV,OO,145,9.47,3.26,0.69,10.33,1104,-0.86,3,NELLA_NORMA
SHV,OH,416,11.51,8.73,1.2,10.33,1104,1.18,4,NELLA_NORMA
SHV,G4,33,28.76,24.36,0.0,10.33,1104,18.43,5,ANOMALO_PEGGIORE
SIT,AS,327,-0.02,-0.16,1.53,2.67,348,-2.69,1,NELLA_NORMA
SIT,OO,21,45.95,45.55,4.76,2.67,348,43.28,2,ANOMALO_PEGGIORE
SJC,HA,166,0.72,-3.7,0.6,6.41,12712,-5.69,1,NELLA_NORMA
SJC,MQ,92,2.82,-4.91,0.0,6.41,12712,-3.59,2,NELLA_NORMA
SJC,AS,718,3.19,-0.98,1.53,6.41,12712,-3.22,3,NELLA_NORMA
SJC,F9,164,3.53,5.38,0.61,6.41,12712,-2.88,4,NELLA_NORMA
SJC,OO,2184,3.75,0.84,0.23,6.41,12712,-2.66,5,NELLA_NORMA
SJC,UA,559,6.19,-2.15,0.89,6.41,12712,-0.22,6,NELLA_NORMA
SJC,WN,7162,7.07,0.91,0.57,6.41,12712,0.66,7,NELLA_NORMA
SJC,DL,570,7.75,-1.65,0.7,6.41,12712,1.34,8,NELLA_NORMA
SJC,NK,682,9.37,6.52,1.03,6.41,12712,2.96,9,NELLA_NORMA
SJC,AA,379,11.74,5.79,1.32,6.41,12712,5.33,10,NELLA_NORMA
SJC,B6,36,18.56,5.89,0.0,6.41,12712,12.15,11,NELLA_NORMA
SJT,MQ,191,17.53,16.7,2.62,17.91,287,-0.38,1,NELLA_NORMA
SJT,OO,96,18.65,17.59,1.04,17.91,287,0.74,2,NELLA_NORMA
SJU,MQ,5,4.6,2.4,0.0,16.45,8853,-11.85,1,NELLA_NORMA
SJU,DL,899,7.7,4.25,0.11,16.45,8853,-8.75,2,NELLA_NORMA
SJU,UA,779,8.6,4.86,1.28,16.45,8853,-7.85,3,NELLA_NORMA
SJU,WN,984,10.66,8.45,0.91,16.45,8853,-5.79,4,NELLA_NORMA
SJU,NK,1186,14.19,8.67,2.02,16.45,8853,-2.26,5,NELLA_NORMA
SJU,AA,988,18.1,17.0,0.51,16.45,8853,1.65,6,NELLA_NORMA
SJU,F9,1534,21.02,20.02,2.02,16.45,8853,4.57,7,NELLA_NORMA
SJU,B6,2478,22.07,13.92,1.13,16.45,8853,5.62,8,NELLA_NORMA
SLC,OO,7934,4.55,-0.08,0.32,9.32,28331,-4.77,1,NELLA_NORMA
SLC,MQ,42,5.71,-12.74,0.0,9.32,28331,-3.61,2,NELLA_NORMA
SLC,AS,306,7.39,5.66,2.94,9.32,28331,-1.93,3,NELLA_NORMA
SLC,DL,13486,9.73,4.04,0.64,9.32,28331,0.41,4,NELLA_NORMA
SLC,UA,997,11.89,6.28,1.5,9.32,28331,2.57,5,NELLA_NORMA
SLC,HA,40,12.13,4.2,0.0,9.32,28331,2.81,6,NELLA_NORMA
SLC,WN,3084,12.54,5.63,0.26,9.32,28331,3.22,7,NELLA_NORMA
SLC,F9,748,15.25,12.14,2.54,9.32,28331,5.93,8,NELLA_NORMA
SLC,NK,327,15.34,10.4,1.53,9.32,28331,6.02,9,NELLA_NORMA
SLC,AA,954,18.54,12.05,1.36,9.32,28331,9.22,10,NELLA_NORMA
SLC,B6,413,22.53,14.99,0.48,9.32,28331,13.21,11,NELLA_NORMA
SLN,OO,195,7.29,3.7,1.54,7.29,195,0.0,1,NELLA_NORMA
SMF,HA,238,4.04,1.41,0.42,9.31,13827,-5.27,1,NELLA_NORMA
SMF,AS,280,5.99,3.62,0.71,9.31,13827,-3.32,2,NELLA_NORMA
SMF,UA,996,6.22,-0.68,1.2,9.31,13827,-3.09,3,NELLA_NORMA
SMF,MQ,43,6.47,2.42,0.0,9.31,13827,-2.84,4,NELLA_NORMA
SMF,OO,2168,6.5,3.4,0.51,9.31,13827,-2.81,5,NELLA_NORMA
SMF,F9,205,7.78,9.4,1.46,9.31,13827,-1.53,6,NELLA_NORMA
SMF,DL,800,8.6,1.32,1.0,9.31,13827,-0.71,7,NELLA_NORMA
SMF,WN,7647,9.32,3.26,0.41,9.31,13827,0.01,8,NELLA_NORMA
SMF,NK,472,12.65,9.06,1.91,9.31,13827,3.34,9,NELLA_NORMA
SMF,AA,883,17.92,11.21,2.15,9.31,13827,8.61,10,NELLA_NORMA
SMF,B6,95,43.21,35.76,1.05,9.31,13827,33.9,11,ANOMALO_PEGGIORE
SMX,G4,20,36.9,37.05,0.0,36.9,20,0.0,1,NELLA_NORMA
SNA,AS,1047,2.21,0.44,1.81,10.68,10901,-8.47,1,NELLA_NORMA
SNA,UA,1533,8.03,1.81,0.78,10.68,10901,-2.65,2,NELLA_NORMA
SNA,WN,3544,8.35,0.46,0.45,10.68,10901,-2.33,3,NELLA_NORMA
SNA,NK,322,9.03,6.7,1.86,10.68,10901,-1.65,4,NELLA_NORMA
SNA,DL,1185,11.24,2.76,0.51,10.68,10901,0.56,5,NELLA_NORMA
SNA,OO,1016,11.78,12.39,0.79,10.68,10901,1.1,6,NELLA_NORMA
SNA,F9,299,15.34,12.92,2.01,10.68,10901,4.66,7,NELLA_NORMA
SNA,AA,1680,18.85,11.07,1.85,10.68,10901,8.17,8,NELLA_NORMA
SNA,G4,275,28.89,25.86,2.18,10.68,10901,18.21,9,ANOMALO_PEGGIORE
SPI,G4,22,7.67,2.29,4.55,7.67,22,0.0,1,NELLA_NORMA
SPN,UA,101,-5.16,-8.39,0.99,-5.16,101,0.0,1,NELLA_NORMA
SPS,MQ,20,10.53,2.63,5.0,13.94,178,-3.41,1,NELLA_NORMA
SPS,OO,158,14.36,10.68,1.9,13.94,178,0.42,2,NELLA_NORMA
SRQ,MQ,4,7.75,-10.25,0.0,14.37,4097,-6.62,1,NELLA_NORMA
SRQ,WN,1039,10.46,4.88,4.04,14.37,4097,-3.91,2,NELLA_NORMA
SRQ,G4,641,10.47,6.4,2.96,14.37,4097,-3.9,3,NELLA_NORMA
SRQ,UA,470,10.71,4.98,3.19,14.37,4097,-3.66,4,NELLA_NORMA
SRQ,YX,57,10.72,15.39,5.26,14.37,4097,-3.65,5,NELLA_NORMA
SRQ,B6,190,12.37,8.17,1.58,14.37,4097,-2.0,6,NELLA_NORMA
SRQ,DL,749,14.33,9.71,3.34,14.37,4097,-0.04,7,NELLA_NORMA
SRQ,OH,94,15.11,12.87,3.19,14.37,4097,0.74,8,NELLA_NORMA
SRQ,AA,685,21.25,18.08,2.19,14.37,4097,6.88,9,NELLA_NORMA
SRQ,F9,156,33.48,33.32,5.13,14.37,4097,19.11,10,ANOMALO_PEGGIORE
SRQ,OO,12,108.08,104.67,0.0,14.37,4097,93.71,11,ANOMALO_PEGGIORE
STC,G4,34,10.03,-0.55,2.94,10.03,34,0.0,1,NELLA_NORMA
STL,YX,510,6.14,-0.25,1.57,12.56,16411,-6.42,1,NELLA_NORMA
STL,AS,188,6.34,1.9,1.06,12.56,16411,-6.22,2,NELLA_NORMA
STL,9E,359,7.74,0.21,3.9,12.56,16411,-4.82,3,NELLA_NORMA
STL,DL,1439,8.52,2.3,0.69,12.56,16411,-4.04,4,NELLA_NORMA
STL,WN,10317,11.7,5.39,0.79,12.56,16411,-0.86,5,NELLA_NORMA
STL,UA,727,14.42,10.77,1.38,12.56,16411,1.86,6,NELLA_NORMA
STL,MQ,469,14.51,9.83,1.49,12.56,16411,1.95,7,NELLA_NORMA
STL,AA,1765,15.88,13.59,1.25,12.56,16411,3.32,8,NELLA_NORMA
STL,F9,297,28.82,21.41,2.36,12.56,16411,16.26,9,ANOMALO_PEGGIORE
STL,OO,129,32.65,26.03,1.55,12.56,16411,20.09,10,ANOMALO_PEGGIORE
STL,OH,100,36.48,35.28,2.0,12.56,16411,23.92,11,ANOMALO_PEGGIORE
STL,NK,111,40.61,32.77,2.7,12.56,16411,28.05,12,ANOMALO_PEGGIORE
STS,OO,710,7.24,8.69,0.56,8.74,896,-1.5,1,NELLA_NORMA
STS,MQ,70,7.73,5.61,0.0,8.74,896,-1.01,2,NELLA_NORMA
STS,AS,71,8.99,8.06,1.41,8.74,896,0.25,3,NELLA_NORMA
STS,AA,45,33.42,33.0,0.0,8.74,896,24.68,4,ANOMALO_PEGGIORE
STT,F9,14,7.57,18.14,0.0,18.11,1406,-10.54,1,NELLA_NORMA
STT,UA,210,11.71,7.53,1.43,18.11,1406,-6.4,2,NELLA_NORMA
STT,B6,182,13.36,10.55,1.65,18.11,1406,-4.75,3,NELLA_NORMA
STT,NK,276,16.88,10.15,1.09,18.11,1406,-1.23,4,NELLA_NORMA
STT,DL,212,18.76,13.85,0.0,18.11,1406,0.65,5,NELLA_NORMA
STT,AA,512,23.1,19.5,1.37,18.11,1406,4.99,6,NELLA_NORMA
STX,F9,8,0.38,11.63,0.0,23.52,311,-23.14,1,ANOMALO_MIGLIORE
STX,DL,34,3.71,0.79,0.0,23.52,311,-19.81,2,ANOMALO_MIGLIORE
STX,B6,7,18.0,21.86,0.0,23.52,311,-5.52,3,NELLA_NORMA
STX,NK,67,21.92,20.3,4.48,23.52,311,-1.6,4,NELLA_NORMA
STX,AA,195,28.65,27.89,0.0,23.52,311,5.13,5,NELLA_NORMA
SUN,OO,507,11.81,7.8,1.58,11.81,507,0.0,1,NELLA_NORMA
SUX,OO,195,18.77,15.51,1.54,18.77,195,0.0,1,NELLA_NORMA
SWF,G4,109,23.12,15.89,0.92,23.12,109,0.0,1,NELLA_NORMA
SWO,OO,148,4.13,0.68,4.05,5.69,196,-1.56,1,NELLA_NORMA
SWO,MQ,48,10.29,5.46,0.0,5.69,196,4.6,2,NELLA_NORMA
SYR,YX,395,4.56,-3.69,1.77,10.75,3397,-6.19,1,NELLA_NORMA
SYR,MQ,207,4.72,0.15,0.97,10.75,3397,-6.03,2,NELLA_NORMA
SYR,9E,534,5.54,-3.27,3.37,10.75,3397,-5.21,3,NELLA_NORMA
SYR,UA,262,5.64,0.88,1.15,10.75,3397,-5.11,4,NELLA_NORMA
SYR,DL,318,6.91,-3.37,0.94,10.75,3397,-3.84,5,NELLA_NORMA
SYR,WN,220,11.32,3.39,0.0,10.75,3397,0.57,6,NELLA_NORMA
SYR,F9,119,12.18,4.74,4.2,10.75,3397,1.43,7,NELLA_NORMA
SYR,AA,411,14.36,9.33,1.22,10.75,3397,3.61,8,NELLA_NORMA
SYR,B6,351,15.05,10.57,2.28,10.75,3397,4.3,9,NELLA_NORMA
SYR,OO,288,15.95,10.31,1.74,10.75,3397,5.2,10,NELLA_NORMA
SYR,G4,182,24.29,15.4,2.2,10.75,3397,13.54,11,NELLA_NORMA
SYR,OH,110,26.97,25.38,1.82,10.75,3397,16.22,12,ANOMALO_PEGGIORE
TLH,B6,75,-0.3,-6.53,2.67,9.0,1490,-9.3,1,NELLA_NORMA
TLH,DL,356,2.67,-3.69,0.56,9.0,1490,-6.33,2,NELLA_NORMA
TLH,OH,205,10.58,7.53,1.95,9.0,1490,1.58,3,NELLA_NORMA
TLH,MQ,690,11.25,10.06,1.45,9.0,1490,2.25,4,NELLA_NORMA
TLH,9E,155,13.09,12.39,3.23,9.0,1490,4.09,5,NELLA_NORMA
TLH,OO,1,36.0,47.0,0.0,9.0,1490,27.0,6,ANOMALO_PEGGIORE
TLH,YX,8,62.75,65.88,0.0,9.0,1490,53.75,7,ANOMALO_PEGGIORE
TOL,G4,94,11.89,5.98,0.0,11.89,94,0.0,1,NELLA_NORMA
TPA,YX,6,7.0,8.0,0.0,14.42,19643,-7.42,1,NELLA_NORMA
TPA,9E,1,7.0,1.0,0.0,14.42,19643,-7.42,1,NELLA_NORMA
TPA,NK,1485,7.71,4.33,3.03,14.42,19643,-6.71,3,NELLA_NORMA
TPA,UA,2192,12.34,7.79,3.28,14.42,19643,-2.08,4,NELLA_NORMA
TPA,WN,6036,12.71,7.56,2.04,14.42,19643,-1.71,5,NELLA_NORMA
TPA,DL,3211,14.03,8.46,1.87,14.42,19643,-0.39,6,NELLA_NORMA
TPA,F9,1658,16.58,12.69,2.65,14.42,19643,2.16,7,NELLA_NORMA
TPA,AA,3224,18.39,15.14,3.01,14.42,19643,3.97,8,NELLA_NORMA
TPA,MQ,310,18.71,16.61,2.58,14.42,19643,4.29,9,NELLA_NORMA
TPA,B6,1249,19.69,14.78,2.32,14.42,19643,5.27,10,NELLA_NORMA
TPA,AS,271,21.78,16.5,4.06,14.42,19643,7.36,11,NELLA_NORMA
TRI,9E,289,3.77,-3.78,1.04,8.6,571,-4.83,1,NELLA_NORMA
TRI,OH,57,6.71,-5.16,3.51,8.6,571,-1.89,2,NELLA_NORMA
TRI,DL,42,6.76,-4.45,0.0,8.6,571,-1.84,3,NELLA_NORMA
TRI,MQ,102,8.28,-0.77,0.0,8.6,571,-0.32,4,NELLA_NORMA
TRI,OO,36,20.49,11.49,2.78,8.6,571,11.89,5,NELLA_NORMA
TRI,G4,45,35.41,33.25,2.22,8.6,571,26.81,6,ANOMALO_PEGGIORE
TTN,F9,471,16.5,7.77,2.97,16.5,471,0.0,1,NELLA_NORMA
TUL,UA,134,-0.46,4.02,0.75,8.13,4384,-8.59,1,NELLA_NORMA
TUL,YX,164,0.04,-2.7,3.05,8.13,4384,-8.09,2,NELLA_NORMA
TUL,DL,338,0.43,-7.75,1.18,8.13,4384,-7.7,3,NELLA_NORMA
TUL,9E,71,3.82,-0.99,0.0,8.13,4384,-4.31,4,NELLA_NORMA
TUL,OO,951,5.21,1.24,0.74,8.13,4384,-2.92,5,NELLA_NORMA
TUL,MQ,430,5.73,2.14,0.93,8.13,4384,-2.4,6,NELLA_NORMA
TUL,WN,1389,7.49,1.32,0.72,8.13,4384,-0.64,7,NELLA_NORMA
TUL,OH,199,14.17,11.72,1.51,8.13,4384,6.04,8,NELLA_NORMA
TUL,AA,603,20.07,16.27,1.49,8.13,4384,11.94,9,NELLA_NORMA
TUL,G4,105,24.12,18.34,0.0,8.13,4384,15.99,10,ANOMALO_PEGGIORE
TUS,MQ,216,1.39,-1.76,0.0,8.63,4793,-7.24,1,NELLA_NORMA
TUS,AS,129,5.06,4.85,0.0,8.63,4793,-3.57,2,NELLA_NORMA
TUS,OO,1999,6.84,4.74,0.5,8.63,4793,-1.79,3,NELLA_NORMA
TUS,WN,1064,8.52,2.16,0.47,8.63,4793,-0.11,4,NELLA_NORMA
TUS,DL,304,10.92,2.14,0.99,8.63,4793,2.29,5,NELLA_NORMA
TUS,AA,806,12.77,9.56,0.99,8.63,4793,4.14,6,NELLA_NORMA
TUS,UA,275,14.9,7.63,1.45,8.63,4793,6.27,7,NELLA_NORMA
TVC,YX,101,3.28,1.94,0.99,16.42,1004,-13.14,1,NELLA_NORMA
TVC,9E,52,3.42,2.34,3.85,16.42,1004,-13.0,2,NELLA_NORMA
TVC,OH,36,4.25,0.39,0.0,16.42,1004,-12.17,3,NELLA_NORMA
TVC,MQ,161,6.16,1.3,0.0,16.42,1004,-10.26,4,NELLA_NORMA
TVC,DL,103,9.03,-0.56,1.94,16.42,1004,-7.39,5,NELLA_NORMA
TVC,UA,144,10.11,7.94,2.08,16.42,1004,-6.31,6,NELLA_NORMA
TVC,OO,300,25.72,24.45,1.0,16.42,1004,9.3,7,NELLA_NORMA
TVC,AA,26,31.27,29.38,0.0,16.42,1004,14.85,8,NELLA_NORMA
TVC,G4,81,48.54,41.2,2.47,16.42,1004,32.12,9,ANOMALO_PEGGIORE
TWF,OO,168,-3.95,-8.98,0.0,-3.95,168,0.0,1,NELLA_NORMA
TXK,MQ,116,10.82,9.31,1.72,12.9,190,-2.08,1,NELLA_NORMA
TXK,OO,74,16.35,11.96,6.76,12.9,190,3.45,2,NELLA_NORMA
TYR,OO,245,12.5,7.37,2.86,13.85,301,-1.35,1,NELLA_NORMA
TYR,MQ,56,19.63,14.86,0.0,13.85,301,5.78,2,NELLA_NORMA
TYS,9E,708,2.85,-5.17,2.26,9.13,4083,-6.28,1,NELLA_NORMA
TYS,YX,192,3.7,1.06,2.08,9.13,4083,-5.43,2,NELLA_NORMA
TYS,DL,383,5.32,-4.01,0.52,9.13,4083,-3.81,3,NELLA_NORMA
TYS,OO,402,6.55,-0.09,1.49,9.13,4083,-2.58,4,NELLA_NORMA
TYS,UA,90,6.59,-1.78,2.22,9.13,4083,-2.54,5,NELLA_NORMA
TYS,OH,900,10.84,7.86,1.56,9.13,4083,1.71,6,NELLA_NORMA
TYS,G4,708,11.81,6.79,0.99,9.13,4083,2.68,7,NELLA_NORMA
TYS,F9,73,11.94,6.89,2.74,9.13,4083,2.81,8,NELLA_NORMA
TYS,MQ,268,14.46,11.63,0.37,9.13,4083,5.33,9,NELLA_NORMA
TYS,AA,359,17.88,8.5,3.34,9.13,4083,8.75,10,NELLA_NORMA
USA,G4,184,23.39,18.33,2.17,23.39,184,0.0,1,NELLA_NORMA
VCT,OO,149,16.34,9.34,2.68,16.34,149,0.0,1,NELLA_NORMA
VEL,OO,5,203.8,201.0,0.0,203.8,5,0.0,1,NELLA_NORMA
VLD,9E,160,12.81,8.07,1.25,12.83,174,-0.02,1,NELLA_NORMA
VLD,OO,14,13.07,16.93,0.0,12.83,174,0.24,2,NELLA_NORMA
VPS,YX,19,-6.21,-11.47,0.0,12.52,2509,-18.73,1,ANOMALO_MIGLIORE
VPS,WN,531,9.28,3.53,0.19,12.52,2509,-3.24,2,NELLA_NORMA
VPS,G4,586,9.44,3.7,1.71,12.52,2509,-3.08,3,NELLA_NORMA
VPS,DL,627,9.65,2.86,1.12,12.52,2509,-2.87,4,NELLA_NORMA
VPS,OH,186,12.69,12.82,1.61,12.52,2509,0.17,5,NELLA_NORMA
VPS,MQ,98,14.41,10.33,2.04,12.52,2509,1.89,6,NELLA_NORMA
VPS,AA,456,24.34,22.82,1.75,12.52,2509,11.82,7,NELLA_NORMA
VPS,9E,6,33.67,42.67,0.0,12.52,2509,21.15,8,ANOMALO_PEGGIORE
WRG,AS,174,-2.22,-5.86,1.15,-2.22,174,0.0,1,NELLA_NORMA
WYS,OO,75,28.49,24.61,0.0,28.49,75,0.0,1,NELLA_NORMA
XNA,DL,138,1.76,-7.37,0.72,12.93,3468,-11.17,1,NELLA_NORMA
XNA,F9,55,3.84,1.31,0.0,12.93,3468,-9.09,2,NELLA_NORMA
XNA,YX,203,4.14,-0.92,1.97,12.93,3468,-8.79,3,NELLA_NORMA
XNA,9E,447,10.72,4.91,0.45,12.93,3468,-2.21,4,NELLA_NORMA
XNA,OH,64,11.76,6.52,1.56,12.93,3468,-1.17,5,NELLA_NORMA
XNA,MQ,1357,11.86,8.79,0.52,12.93,3468,-1.07,6,NELLA_NORMA
XNA,OO,612,12.07,7.63,0.65,12.93,3468,-0.86,7,NELLA_NORMA
XNA,UA,59,17.66,15.43,1.69,12.93,3468,4.73,8,NELLA_NORMA
XNA,AA,324,24.59,23.03,1.54,12.93,3468,11.66,9,NELLA_NORMA
XNA,G4,209,26.45,21.0,0.0,12.93,3468,13.52,10,NELLA_NORMA
XWA,OO,505,18.65,12.94,2.38,18.65,505,0.0,1,NELLA_NORMA
YAK,AS,168,1.83,-0.2,1.19,1.83,168,0.0,1,NELLA_NORMA
YUM,OO,282,1.42,-1.02,0.35,3.91,429,-2.49,1,NELLA_NORMA
YUM,MQ,147,8.68,6.28,0.0,3.91,429,4.77,2,NELLA_NORMA
